src_tab,ID
GSM.CUSTOMER_CAMPAIGN,DWH_LOGICAL.GSM_CUSTOMER_CAMPAIGN_TSD
GSM.MEETINGRECORD,DWH_LOGICAL.GSM_MEETINGRECORD
EDW_SOR_STG.T_TBL_PFS_MTH_BO_PD,EDW_DMT.PFS_BOND_AR_FCT_MTLY
EDW_SOR_STG.T_TBL_PFS_MTH_BO_CPVAR,EDW_DMT.PFS_BOND_AR_FCT_MTLY
EDW_DWH.IB_BOND_STATISTICS_TSD,EDW_DMT.PFS_BOND_AR_FCT_MTLY
EDW_DMT.R_TBL_CU_0015_IB_CST_FOR_TCB,EDW_DMT.PFS_BOND_AR_FCT_MTLY
EDW_DWH.CUSTOMER_TSD,EDW_DMT.PFS_BOND_AR_FCT_MTLY
EDW_DWH.IB_BOND_STATISTICS,EDW_DMT.PFS_BOND_AR_FCT_MTLY
EDW_DWH.CURRENCY,EDW_DMT.PFS_BOND_AR_FCT_MTLY
EDW_DWH.CMS_DIC_COUNTRY,EDW_DMT.PFS_BOND_AR_FCT_MTLY
EDW_DWH_STG.T_CUSTOMER_STATUS,EDW_DMT.PFS_BOND_AR_FCT_MTLY
EDW_DWH.CMS_DIC_RESPCODE,EDW_DMT.PFS_BOND_AR_FCT_MTLY
EDW_DWH.LD_TTNPP,EDW_DMT.PFS_BOND_AR_FCT_MTLY
EDW_DWH_STG.I$_INDUSTRY,EDW_DMT.PFS_BOND_AR_FCT_MTLY
EDW_DWH.INDUSTRY_GSO_TCB,EDW_DMT.PFS_BOND_AR_FCT_MTLY
EDW_DWH.KDR_PORTFOLIOS,EDW_DMT.PFS_BOND_AR_FCT_MTLY
EDW_DWH_STG.I$_LC_PRODUCT_TYPES_TCB,EDW_DMT.PFS_BOND_AR_FCT_MTLY
EDW_DWH.CMS_REFERENCEENTRY,EDW_DMT.PFS_BOND_AR_FCT_MTLY
EDW_DWH.KDR_DANGKY_CV_TYPE,EDW_DMT.PFS_BOND_AR_FCT_MTLY
EDW_SOR_STG.T_CMS_ACCOUNT,EDW_DMT.PFS_BOND_AR_FCT_MTLY
EDW_DWH.KDR_CHARTOFACCOUNT,EDW_DMT.PFS_BOND_AR_FCT_MTLY
EDW_DWH.ECM_LIST_ATM,EDW_DMT.PFS_BOND_AR_FCT_MTLY
EDW_DWH_STG.T_RE_TXN_CODE,EDW_DMT.PFS_BOND_AR_FCT_MTLY
EDW_DWH_STG.T_TRANSACTION_CODE,EDW_DMT.PFS_BOND_AR_FCT_MTLY
EDW_DWH.KDR_FOLDERS,EDW_DMT.PFS_BOND_AR_FCT_MTLY
EDW_DWH.CMS_REFERENCECRD_STAT,EDW_DMT.PFS_BOND_AR_FCT_MTLY
EDW_DWH.CMS_REFERENCECARDSIGN,EDW_DMT.PFS_BOND_AR_FCT_MTLY
EDW_DWH.KDR_FLOATINGRATES,EDW_DMT.PFS_BOND_AR_FCT_MTLY
EDW_DWH.CMS_CONTRACTSTATEREFERENCE,EDW_DMT.PFS_BOND_AR_FCT_MTLY
EDW_DWH.KDR_ACCOUNTINGGROUP,EDW_DMT.PFS_BOND_AR_FCT_MTLY
EDW_DWH_STG.I$_LOAICP,EDW_DMT.PFS_BOND_AR_FCT_MTLY
EDW_DWH.KDR_KDBCHOICESVALUES,EDW_DMT.PFS_BOND_AR_FCT_MTLY
EDW_DWH_STG.I$_CT_CERTIFICATE_TYPE_TCB,EDW_DMT.PFS_BOND_AR_FCT_MTLY
EDW_DWH_STG.T_GD_POLICY_TCB,EDW_DMT.PFS_BOND_AR_FCT_MTLY
EDW_DWH_STG.I$_RE_INDUSTRY_TCB,EDW_DMT.PFS_BOND_AR_FCT_MTLY
EDW_DWH_STG.I$_SECTOR,EDW_DMT.PFS_BOND_AR_FCT_MTLY
EDW_DWH.CMS_DIC_TRANCODE,EDW_DMT.PFS_BOND_AR_FCT_MTLY
EDW_DWH_STG.I$_CARD_TYPE,EDW_DMT.PFS_BOND_AR_FCT_MTLY
EDW_DWH.LOS_DYNAMICCOMBO,EDW_DMT.PFS_BOND_AR_FCT_MTLY
EDW_DWH_STG.I$_CUSTOMER,EDW_DMT.PFS_BOND_AR_FCT_MTLY
EDW_DWH.CMS_CONTRACTTYPE,EDW_DMT.PFS_BOND_AR_FCT_MTLY
EDW_DWH.KDR_KDBCHOICES,EDW_DMT.PFS_BOND_AR_FCT_MTLY
EDW_DWH.KDR_KDBFIELDST,EDW_DMT.PFS_BOND_AR_FCT_MTLY
EDW_DWH.KDR_RKNET_INSTRUMENT,EDW_DMT.PFS_BOND_AR_FCT_MTLY
EDW_DWH_STG.I$_CO_LOAITSDB,EDW_DMT.PFS_BOND_AR_FCT_MTLY
EDW_DWH_STG.I$_CO_PTQLTSDB,EDW_DMT.PFS_BOND_AR_FCT_MTLY
EDW_DWH_STG.I$_LIMIT_REFERENCE,EDW_DMT.PFS_BOND_AR_FCT_MTLY
EDW_DWH_STG.I$_CO_LOAITSDB_DETAIL,EDW_DMT.PFS_BOND_AR_FCT_MTLY
EDW_DWH.CMS_DIC_TRANREASON,EDW_DMT.PFS_BOND_AR_FCT_MTLY
EDW_DWH_STG.I$_LC_TYPES,EDW_DMT.PFS_BOND_AR_FCT_MTLY
EDW_DWH.KDR_BRANCHES,EDW_DMT.PFS_BOND_AR_FCT_MTLY
EDW_DWH.KDR_TYPEOFINSTR,EDW_DMT.PFS_BOND_AR_FCT_MTLY
EDW_DWH_STG.T_LD_PROGRAM,EDW_DMT.PFS_BOND_AR_FCT_MTLY
EDW_DWH_STG.I$_TRANGTHAI,EDW_DMT.PFS_BOND_AR_FCT_MTLY
EDW_DWH.KDR_FUTURES,EDW_DMT.PFS_BOND_AR_FCT_MTLY
EDW_DWH.KDR_MARKETST,EDW_DMT.PFS_BOND_AR_FCT_MTLY
EDW_DWH_STG.I$_FT_TXN_TYPE_CONDITION,EDW_DMT.PFS_BOND_AR_FCT_MTLY
EDW_DWH_STG.I$_COLLATERAL_CODE,EDW_DMT.PFS_BOND_AR_FCT_MTLY
EDW_SOR_STG.T_CMS_DIC_RESPCODE,EDW_DMT.PFS_BOND_AR_FCT_MTLY
EDW_DWH.KDR_CPTYDEFT,EDW_DMT.PFS_BOND_AR_FCT_MTLY
EDW_DWH_STG.I$_PHONGTOA_TCB,EDW_DMT.PFS_BOND_AR_FCT_MTLY
EDW_DWH_STG.I$_CT_CATEGORY_TCB,EDW_DMT.PFS_BOND_AR_FCT_MTLY
EDW_DWH.EB_LOANS_PURPOSE_TCB,EDW_DMT.PFS_BOND_AR_FCT_MTLY
EDW_DWH.TD_KVRRTYPE,EDW_DMT.PFS_BOND_AR_FCT_MTLY
EDW_DWH.KDR_PAYMENTCLASS,EDW_DMT.PFS_BOND_AR_FCT_MTLY
EDW_DWH_STG.I$_CT_TRANSFER_CODE_TCB,EDW_DMT.PFS_BOND_AR_FCT_MTLY
EDW_DWH_STG.I$_PURPOSE_TCB,EDW_DMT.PFS_BOND_AR_FCT_MTLY
EDW_DWH_STG.I$_CATEGORY,EDW_DMT.PFS_BOND_AR_FCT_MTLY
EDW_DWH_STG.I$_RELATION,EDW_DMT.PFS_BOND_AR_FCT_MTLY
EDW_DWH_STG.T_GROUP_ACC_TCB,EDW_DMT.PFS_BOND_AR_FCT_MTLY
EDW_DWH_STG.I$_FT_COMMISSION_TYPE,EDW_DMT.PFS_BOND_AR_FCT_MTLY
EDW_DWH_STG.I$_DEALER_DESK,EDW_DMT.PFS_BOND_AR_FCT_MTLY
EDW_DWH.KDR_CLEARINGMODES,EDW_DMT.PFS_BOND_AR_FCT_MTLY
EDW_SOR_STG.T_CMS_IDENTITY,EDW_DMT.PFS_BOND_AR_FCT_MTLY
EDW_DWH.LOS_USERS,EDW_DMT.PFS_BOND_AR_FCT_MTLY
EDW_DWH.CMS_IDENTITY,EDW_DMT.PFS_BOND_AR_FCT_MTLY
EDW_DWH_STG.I$_CO_DVBAOVE_TCB,EDW_DMT.PFS_BOND_AR_FCT_MTLY
EDW_DWH.KDR_USERS,EDW_DMT.PFS_BOND_AR_FCT_MTLY
EDW_SOR_STG.T_CMS_CLIENTPERSONE,EDW_DMT.PFS_BOND_AR_FCT_MTLY
EDW_DWH_STG.I$_LD_INVESTOR,EDW_DMT.PFS_BOND_AR_FCT_MTLY
EDW_DWH.KDR_THIRDPARTY,EDW_DMT.PFS_BOND_AR_FCT_MTLY
EDW_DWH_STG.I$_COMPANY,EDW_DMT.PFS_BOND_AR_FCT_MTLY
EDW_DWH.RE_ID_NHANSU_TCB,EDW_DMT.PFS_BOND_AR_FCT_MTLY
EDW_DWH.KDR_CPTY,EDW_DMT.PFS_BOND_AR_FCT_MTLY
EDW_DWH_STG.I$_USERTBL,EDW_DMT.PFS_BOND_AR_FCT_MTLY
EDW_DWH.CUSTOMER,EDW_DMT.PFS_BOND_AR_FCT_MTLY
EDW_DWH_STG.I$_CMS_CLERK,EDW_DMT.PFS_BOND_AR_FCT_MTLY
EDW_DWH_STG.I$_CO_DVBAOHIEM_TCB,EDW_DMT.PFS_BOND_AR_FCT_MTLY
EDW_DWH.LOS_HISTORIC,EDW_DMT.PFS_BOND_AR_FCT_MTLY
EDW_DWH_STG.I$_COPHIEU,EDW_DMT.PFS_BOND_AR_FCT_MTLY
EDW_DWH.KDR_BROKERS,EDW_DMT.PFS_BOND_AR_FCT_MTLY
EDW_DWH_STG.I$_CONGTYDINHGIA_TCB,EDW_DMT.PFS_BOND_AR_FCT_MTLY
EDW_SOR_STG.TMP_LOS_MAINAPP_IP2,EDW_DMT.PFS_BOND_AR_FCT_MTLY
EDW_SOR_STG.TMP_LOS_MAINAPP_IP,EDW_DMT.PFS_BOND_AR_FCT_MTLY
EDW_SOR_STG.T_KDR_SETTLEMENTLIMIT,EDW_DMT.PFS_BOND_AR_FCT_MTLY
EDW_DWH.MBB_CUSTOMERS_IDEN,EDW_DMT.PFS_BOND_AR_FCT_MTLY
EDW_DWH.ECM_LC_TRANS_DETAILS,EDW_DMT.PFS_BOND_AR_FCT_MTLY
EDW_DWH.CMS_CONTRACT,EDW_DMT.PFS_BOND_AR_FCT_MTLY
EDW_DWH.ECM_LIST_PROCESS_RESULT,EDW_DMT.PFS_BOND_AR_FCT_MTLY
EDW_DWH.ECM_LC_TRANSACTIONS,EDW_DMT.PFS_BOND_AR_FCT_MTLY
EDW_DWH.CMS_CONTRACTTYPEPARAMETERS,EDW_DMT.PFS_BOND_AR_FCT_MTLY
EDW_DWH.CMS_CONTRACTPARAMETERS,EDW_DMT.PFS_BOND_AR_FCT_MTLY
EDW_DWH.KDR_REPODEALS,EDW_DMT.PFS_BOND_AR_FCT_MTLY
EDW_DWH.CMS_CARDCNS,EDW_DMT.PFS_BOND_AR_FCT_MTLY
EDW_DWH.CMS_CONTRACTSTATEHISTORY,EDW_DMT.PFS_BOND_AR_FCT_MTLY
EDW_DWH.CMS_UP_1_CONTRACT,EDW_DMT.PFS_BOND_AR_FCT_MTLY
EDW_DWH_STG.I$_MBB_CUSTOMERS_IDEN_TSD,EDW_DMT.PFS_BOND_AR_FCT_MTLY
EDW_SOR_STG.T_CUS_UP,EDW_DMT.PFS_BOND_AR_FCT_MTLY
EDW_ADM.TBL_PLN_CIC,EDW_DMT.PFS_BOND_AR_FCT_MTLY
EDW_DWH_STG.T_PORTFOLIO_PBC_TCB,EDW_DMT.PFS_BOND_AR_FCT_MTLY
EDW_DWH.KDR_TCB_CPTY_T24CUST,EDW_DMT.PFS_BOND_AR_FCT_MTLY
EDW_DWH.LOS_VERIFICATION,EDW_DMT.PFS_BOND_AR_FCT_MTLY
EDW_DWH_STG.I$_LOS_MAINAPPLICANT_TSD,EDW_DMT.PFS_BOND_AR_FCT_MTLY
EDW_SOR_STG.TMP_LOS_MAINAPP_IP3,EDW_DMT.PFS_BOND_AR_FCT_MTLY
EDW_DWH_STG.T_COMPANY,EDW_DMT.PFS_BOND_AR_FCT_MTLY
EDW_DWH_STG.I$_DEPT_ACCT_OFFICER,EDW_DMT.PFS_BOND_AR_FCT_MTLY
EDW_DWH_STG.I$_DEPARTMENT_TCB,EDW_DMT.PFS_BOND_AR_FCT_MTLY
EDW_DWH.BF_CUS_INFO,EDW_DMT.PFS_BOND_AR_FCT_MTLY
EDW_DWH.BF_DB_CUSTOMER_ECO,EDW_DMT.PFS_BOND_AR_FCT_MTLY
EDW_DWH.SECTOR,EDW_DMT.PFS_BOND_AR_FCT_MTLY
EDW_DWH_STG.T_CUSTOMER,EDW_DMT.PFS_BOND_AR_FCT_MTLY
EDW_DWH.ECO_SCTR_ECO,EDW_DMT.PFS_BOND_AR_FCT_MTLY
EDW_DWH_STG.I$_CUS_ASSET_CLASS_TCB,EDW_DMT.PFS_BOND_AR_FCT_MTLY
EDW_DWH.LOS_MAINAPPLICANT,EDW_DMT.PFS_BOND_AR_FCT_MTLY
EDW_DWH.LOS_APPLICATION2,EDW_DMT.PFS_BOND_AR_FCT_MTLY
EDW_DWH.LOS_APPLICATION,EDW_DMT.PFS_BOND_AR_FCT_MTLY
EDW_DWH_STG.I$_CMS_CARD_TSD,EDW_DMT.PFS_BOND_AR_FCT_MTLY
EDW_DWH_STG.I$_TELLER_ID,EDW_DMT.PFS_BOND_AR_FCT_MTLY
EDW_DWH.USERTBL,EDW_DMT.PFS_BOND_AR_FCT_MTLY
EDW_DWH_STG.I$_EB_EXTERNAL_USER,EDW_DMT.PFS_BOND_AR_FCT_MTLY
EDW_DWH.KDR_CREDITLIMIT,EDW_DMT.PFS_BOND_AR_FCT_MTLY
EDW_DWH.KDR_RKNET_CPTY,EDW_DMT.PFS_BOND_AR_FCT_MTLY
EDW_DWH.KDR_RKNET_CURRENCY,EDW_DMT.PFS_BOND_AR_FCT_MTLY
EDW_DWH.KDR_CREDITLIMITMASTER,EDW_DMT.PFS_BOND_AR_FCT_MTLY
EDW_DWH.KDR_RKNET_FOLDER,EDW_DMT.PFS_BOND_AR_FCT_MTLY
EDW_DWH_STG.T_ACCOUNT,EDW_DMT.PFS_BOND_AR_FCT_MTLY
EDW_DWH_STG.T_LIMIT,EDW_DMT.PFS_BOND_AR_FCT_MTLY
EDW_DWH_STG.I$_LIMIT,EDW_DMT.PFS_BOND_AR_FCT_MTLY
EDW_DWH.CMS_COLLECTIONCENTRALBANK,EDW_DMT.PFS_BOND_AR_FCT_MTLY
EDW_DWH.INFO_CARD,EDW_DMT.PFS_BOND_AR_FCT_MTLY
EDW_DWH_STG.I$_LD_LOANS_AND_DEPOSITS,EDW_DMT.PFS_BOND_AR_FCT_MTLY
EDW_DWH_STG.T_LD_LOANS_AND_DEPOSITS,EDW_DMT.PFS_BOND_AR_FCT_MTLY
EDW_DWH_STG.T_PD_PAYMENT_DUE,EDW_DMT.PFS_BOND_AR_FCT_MTLY
EDW_DWH_STG.T_PURPOSE_TCB,EDW_DMT.PFS_BOND_AR_FCT_MTLY
EDW_DWH_STG.I$_PD_PAYMENT_DUE,EDW_DMT.PFS_BOND_AR_FCT_MTLY
EDW_DWH_STG.T_LMM_ACCOUNT_BALANCES,EDW_DMT.PFS_BOND_AR_FCT_MTLY
EDW_DWH_STG.I$_LETTER_OF_CREDIT,EDW_DMT.PFS_BOND_AR_FCT_MTLY
EDW_DWH_STG.T_SA_SCORE_TXN,EDW_DMT.PFS_BOND_AR_FCT_MTLY
EDW_DWH_STG.T_LC_TYPES,EDW_DMT.PFS_BOND_AR_FCT_MTLY
EDW_DWH_STG.T_EB_ECM_XEPHANG,EDW_DMT.PFS_BOND_AR_FCT_MTLY
EDW_DWH_STG.T_CARD_TYPE,EDW_DMT.PFS_BOND_AR_FCT_MTLY
EDW_DWH.CMS_CARD,EDW_DMT.PFS_BOND_AR_FCT_MTLY
EDW_DWH_STG.I$_INFO_CARD,EDW_DMT.PFS_BOND_AR_FCT_MTLY
EDW_DWH_STG.I$_AZ_ACCOUNT,EDW_DMT.PFS_BOND_AR_FCT_MTLY
EDW_DWH_STG.I$_ACCOUNT,EDW_DMT.PFS_BOND_AR_FCT_MTLY
EDW_DWH.PACKAGE_ACCCOUNT,EDW_DMT.PFS_BOND_AR_FCT_MTLY
EDW_DWH.ACCT_CAPITALISATION,EDW_DMT.PFS_BOND_AR_FCT_MTLY
EDW_DWH_STG.T_AZ_ACCOUNT,EDW_DMT.PFS_BOND_AR_FCT_MTLY
EDW_DWH_STG.T_ACCOUNT_CLOSED,EDW_DMT.PFS_BOND_AR_FCT_MTLY
EDW_DWH_STG.T_TKBH_AC_CLOSED_TCB,EDW_DMT.PFS_BOND_AR_FCT_MTLY
EDW_DWH.GROUP_CAPITALISATION,EDW_DMT.PFS_BOND_AR_FCT_MTLY
EDW_DWH_STG.I$_MM_MONEY_MARKET,EDW_DMT.PFS_BOND_AR_FCT_MTLY
EDW_DWH.PURPOSE_TCB,EDW_DMT.PFS_BOND_AR_FCT_MTLY
EDW_DWH_STG.T_MD_DEAL,EDW_DMT.PFS_BOND_AR_FCT_MTLY
EDW_DWH_STG.T_RATE493_TCB,EDW_DMT.PFS_BOND_AR_FCT_MTLY
EDW_DWH_STG.I$_MD_DEAL,EDW_DMT.PFS_BOND_AR_FCT_MTLY
EDW_DWH_STG.I$_CMS_CONTRACT5,EDW_DMT.PFS_BOND_AR_FCT_MTLY
EDW_ADM.ACI_EXCEPTION_AR,EDW_DMT.PFS_BOND_AR_FCT_MTLY
EDW_DWH.KDR_TCB_HIERARCHY,EDW_DMT.PFS_BOND_AR_FCT_MTLY
EDW_DWH.KDR_KT_KONDOR2T24ACM,EDW_DMT.PFS_BOND_AR_FCT_MTLY
EDW_DWH_STG.I$_ACCOUNT_CLOSED,EDW_DMT.PFS_BOND_AR_FCT_MTLY
EDW_DWH.KDR_SWAPDEALS,EDW_DMT.PFS_BOND_AR_FCT_MTLY
EDW_DWH.KDR_CURRENCIES,EDW_DMT.PFS_BOND_AR_FCT_MTLY
EDW_DWH.KDR_SWAPDEALSHISTT,EDW_DMT.PFS_BOND_AR_FCT_MTLY
EDW_DWH.KDR_TCB_REPODEAL,EDW_DMT.PFS_BOND_AR_FCT_MTLY
EDW_DWH.KDR_BODEALFOKEY,EDW_DMT.PFS_BOND_AR_FCT_MTLY
EDW_DWH.KDR_REPOSECUSCHED,EDW_DMT.PFS_BOND_AR_FCT_MTLY
EDW_DWH.KDR_LOANSDEPOSITDEALS,EDW_DMT.PFS_BOND_AR_FCT_MTLY
EDW_DWH.KDR_SWAPLEG,EDW_DMT.PFS_BOND_AR_FCT_MTLY
EDW_DWH.KDR_LO_DEPODEALSHISTT,EDW_DMT.PFS_BOND_AR_FCT_MTLY
EDW_DWH.KDR_REPODEALSHISTT,EDW_DMT.PFS_BOND_AR_FCT_MTLY
EDW_DWH.KDR_IAMDEALS,EDW_DMT.PFS_BOND_AR_FCT_MTLY
EDW_DWH.COLLATERAL,EDW_DMT.PFS_BOND_AR_FCT_MTLY
EDW_DWH_STG.I$_COLLATERAL_RIGHT,EDW_DMT.PFS_BOND_AR_FCT_MTLY
EDW_ADM.RM_SALE,EDW_DMT.PFS_BOND_AR_FCT_MTLY
EDW_DWH_STG.I$_PRODUCT_TCB,EDW_DMT.PFS_BOND_AR_FCT_MTLY
EDW_ADM.TBL_ECO_SCTR_HIER,EDW_DMT.PFS_BOND_AR_FCT_MTLY
TCB_CMS_LOGICAL.TRANSACTION,TCB_CMS.CMS_TRANSACTION
ODS_SRC_T24REP.J$_INFO_CARD_ODS,DWH_LOGICAL.INFO_CARD
DWH_LOGICAL.V_T24INFO_CARD,DWH_LOGICAL.INFO_CARD
EDW_SOR_STG.T_TBL_PFS_MAP_RL,EDW_DMT.PFS_AR_FCT_DLY
EDW_DWH.MBB_CUSTOMERS_IDEN,EDW_DMT.PFS_AR_FCT_DLY
EDW_DWH.ECM_LC_TRANS_DETAILS,EDW_DMT.PFS_AR_FCT_DLY
EDW_DWH.CMS_CONTRACT,EDW_DMT.PFS_AR_FCT_DLY
EDW_DWH.ECM_LIST_PROCESS_RESULT,EDW_DMT.PFS_AR_FCT_DLY
EDW_DWH.ECM_LC_TRANSACTIONS,EDW_DMT.PFS_AR_FCT_DLY
EDW_DWH.CMS_CONTRACTTYPEPARAMETERS,EDW_DMT.PFS_AR_FCT_DLY
EDW_DWH.CMS_CONTRACTPARAMETERS,EDW_DMT.PFS_AR_FCT_DLY
EDW_SOR_STG.T_KDR_SETTLEMENTLIMIT,EDW_DMT.PFS_AR_FCT_DLY
EDW_DWH.KDR_REPODEALS,EDW_DMT.PFS_AR_FCT_DLY
EDW_DWH.CMS_CARDCNS,EDW_DMT.PFS_AR_FCT_DLY
EDW_DWH.CMS_CONTRACTSTATEHISTORY,EDW_DMT.PFS_AR_FCT_DLY
EDW_DWH.CMS_UP_1_CONTRACT,EDW_DMT.PFS_AR_FCT_DLY
EDW_DWH_STG.I$_MBB_CUSTOMERS_IDEN_TSD,EDW_DMT.PFS_AR_FCT_DLY
TT31_SRC_SOR.AR_X_CL,EDW_DMT.PFS_AR_FCT_DLY
TT31_SRC_SOR.CV,EDW_DMT.PFS_AR_FCT_DLY
TT31_SRC_SOR.ACS_FCY_AR,EDW_DMT.PFS_AR_FCT_DLY
TT31_SRC_SOR.AU,EDW_DMT.PFS_AR_FCT_DLY
TT31_SRC_SOR.IP,EDW_DMT.PFS_AR_FCT_DLY
TT31_SRC_SOR.AU_BAL,EDW_DMT.PFS_AR_FCT_DLY
TT31_SRC_SOR.AR,EDW_DMT.PFS_AR_FCT_DLY
EDW_DWH.CURRENCY,EDW_DMT.PFS_AR_FCT_DLY
EDW_DWH.CMS_DIC_COUNTRY,EDW_DMT.PFS_AR_FCT_DLY
EDW_DWH_STG.T_CUSTOMER_STATUS,EDW_DMT.PFS_AR_FCT_DLY
EDW_DWH.CMS_DIC_RESPCODE,EDW_DMT.PFS_AR_FCT_DLY
EDW_DWH.LD_TTNPP,EDW_DMT.PFS_AR_FCT_DLY
EDW_DWH_STG.I$_INDUSTRY,EDW_DMT.PFS_AR_FCT_DLY
EDW_DWH.INDUSTRY_GSO_TCB,EDW_DMT.PFS_AR_FCT_DLY
EDW_DWH.KDR_PORTFOLIOS,EDW_DMT.PFS_AR_FCT_DLY
EDW_DWH_STG.I$_LC_PRODUCT_TYPES_TCB,EDW_DMT.PFS_AR_FCT_DLY
EDW_DWH.CMS_REFERENCEENTRY,EDW_DMT.PFS_AR_FCT_DLY
EDW_DWH.KDR_DANGKY_CV_TYPE,EDW_DMT.PFS_AR_FCT_DLY
EDW_SOR_STG.T_CMS_ACCOUNT,EDW_DMT.PFS_AR_FCT_DLY
EDW_DWH.KDR_CHARTOFACCOUNT,EDW_DMT.PFS_AR_FCT_DLY
EDW_DWH.ECM_LIST_ATM,EDW_DMT.PFS_AR_FCT_DLY
EDW_DWH_STG.T_RE_TXN_CODE,EDW_DMT.PFS_AR_FCT_DLY
EDW_DWH_STG.T_TRANSACTION_CODE,EDW_DMT.PFS_AR_FCT_DLY
EDW_DWH.KDR_FOLDERS,EDW_DMT.PFS_AR_FCT_DLY
EDW_DWH.CMS_REFERENCECRD_STAT,EDW_DMT.PFS_AR_FCT_DLY
EDW_DWH.CMS_REFERENCECARDSIGN,EDW_DMT.PFS_AR_FCT_DLY
EDW_DWH.KDR_FLOATINGRATES,EDW_DMT.PFS_AR_FCT_DLY
EDW_DWH.CMS_CONTRACTSTATEREFERENCE,EDW_DMT.PFS_AR_FCT_DLY
EDW_DWH.KDR_ACCOUNTINGGROUP,EDW_DMT.PFS_AR_FCT_DLY
EDW_DWH_STG.I$_LOAICP,EDW_DMT.PFS_AR_FCT_DLY
EDW_DWH.KDR_KDBCHOICESVALUES,EDW_DMT.PFS_AR_FCT_DLY
EDW_DWH_STG.I$_CT_CERTIFICATE_TYPE_TCB,EDW_DMT.PFS_AR_FCT_DLY
EDW_DWH_STG.T_GD_POLICY_TCB,EDW_DMT.PFS_AR_FCT_DLY
EDW_DWH_STG.I$_RE_INDUSTRY_TCB,EDW_DMT.PFS_AR_FCT_DLY
EDW_DWH_STG.I$_SECTOR,EDW_DMT.PFS_AR_FCT_DLY
EDW_DWH.CMS_DIC_TRANCODE,EDW_DMT.PFS_AR_FCT_DLY
EDW_DWH_STG.I$_CARD_TYPE,EDW_DMT.PFS_AR_FCT_DLY
EDW_DWH.LOS_DYNAMICCOMBO,EDW_DMT.PFS_AR_FCT_DLY
EDW_DWH_STG.I$_CUSTOMER,EDW_DMT.PFS_AR_FCT_DLY
EDW_DWH.CMS_CONTRACTTYPE,EDW_DMT.PFS_AR_FCT_DLY
EDW_DWH.KDR_KDBCHOICES,EDW_DMT.PFS_AR_FCT_DLY
EDW_DWH.KDR_KDBFIELDST,EDW_DMT.PFS_AR_FCT_DLY
EDW_DWH.KDR_RKNET_INSTRUMENT,EDW_DMT.PFS_AR_FCT_DLY
EDW_DWH_STG.I$_CO_LOAITSDB,EDW_DMT.PFS_AR_FCT_DLY
EDW_DWH_STG.I$_CO_PTQLTSDB,EDW_DMT.PFS_AR_FCT_DLY
EDW_DWH_STG.I$_LIMIT_REFERENCE,EDW_DMT.PFS_AR_FCT_DLY
EDW_DWH_STG.I$_CO_LOAITSDB_DETAIL,EDW_DMT.PFS_AR_FCT_DLY
EDW_DWH.CMS_DIC_TRANREASON,EDW_DMT.PFS_AR_FCT_DLY
EDW_DWH_STG.I$_LC_TYPES,EDW_DMT.PFS_AR_FCT_DLY
EDW_DWH.KDR_BRANCHES,EDW_DMT.PFS_AR_FCT_DLY
EDW_DWH.KDR_TYPEOFINSTR,EDW_DMT.PFS_AR_FCT_DLY
EDW_DWH_STG.T_LD_PROGRAM,EDW_DMT.PFS_AR_FCT_DLY
EDW_DWH_STG.I$_TRANGTHAI,EDW_DMT.PFS_AR_FCT_DLY
EDW_DWH.KDR_FUTURES,EDW_DMT.PFS_AR_FCT_DLY
EDW_DWH.KDR_MARKETST,EDW_DMT.PFS_AR_FCT_DLY
EDW_DWH_STG.I$_FT_TXN_TYPE_CONDITION,EDW_DMT.PFS_AR_FCT_DLY
EDW_DWH_STG.I$_COLLATERAL_CODE,EDW_DMT.PFS_AR_FCT_DLY
EDW_SOR_STG.T_CMS_DIC_RESPCODE,EDW_DMT.PFS_AR_FCT_DLY
EDW_DWH.KDR_CPTYDEFT,EDW_DMT.PFS_AR_FCT_DLY
EDW_DWH_STG.I$_PHONGTOA_TCB,EDW_DMT.PFS_AR_FCT_DLY
EDW_DWH_STG.I$_CT_CATEGORY_TCB,EDW_DMT.PFS_AR_FCT_DLY
EDW_DWH.EB_LOANS_PURPOSE_TCB,EDW_DMT.PFS_AR_FCT_DLY
EDW_DWH.TD_KVRRTYPE,EDW_DMT.PFS_AR_FCT_DLY
EDW_DWH.KDR_PAYMENTCLASS,EDW_DMT.PFS_AR_FCT_DLY
EDW_DWH_STG.I$_CT_TRANSFER_CODE_TCB,EDW_DMT.PFS_AR_FCT_DLY
EDW_DWH_STG.I$_PURPOSE_TCB,EDW_DMT.PFS_AR_FCT_DLY
EDW_DWH_STG.I$_CATEGORY,EDW_DMT.PFS_AR_FCT_DLY
EDW_DWH_STG.I$_RELATION,EDW_DMT.PFS_AR_FCT_DLY
EDW_DWH_STG.T_GROUP_ACC_TCB,EDW_DMT.PFS_AR_FCT_DLY
EDW_DWH_STG.I$_FT_COMMISSION_TYPE,EDW_DMT.PFS_AR_FCT_DLY
EDW_ADM.TBL_PFS_STT_RAW,EDW_DMT.PFS_AR_FCT_DLY
EDW_ADM.TBL_PFS_PD_RAW,EDW_DMT.PFS_AR_FCT_DLY
EDW_DWH_STG.I$_PRODUCT_TCB,EDW_DMT.PFS_AR_FCT_DLY
EDW_DWH_STG.I$_DEALER_DESK,EDW_DMT.PFS_AR_FCT_DLY
EDW_DWH.KDR_CLEARINGMODES,EDW_DMT.PFS_AR_FCT_DLY
EDW_SOR_STG.T_CMS_IDENTITY,EDW_DMT.PFS_AR_FCT_DLY
EDW_DWH.LOS_USERS,EDW_DMT.PFS_AR_FCT_DLY
EDW_DWH.CMS_IDENTITY,EDW_DMT.PFS_AR_FCT_DLY
EDW_DWH_STG.I$_CO_DVBAOVE_TCB,EDW_DMT.PFS_AR_FCT_DLY
EDW_DWH.KDR_USERS,EDW_DMT.PFS_AR_FCT_DLY
EDW_SOR_STG.T_CMS_CLIENTPERSONE,EDW_DMT.PFS_AR_FCT_DLY
EDW_DWH_STG.I$_LD_INVESTOR,EDW_DMT.PFS_AR_FCT_DLY
EDW_DWH.KDR_THIRDPARTY,EDW_DMT.PFS_AR_FCT_DLY
EDW_DWH_STG.I$_COMPANY,EDW_DMT.PFS_AR_FCT_DLY
EDW_DWH.RE_ID_NHANSU_TCB,EDW_DMT.PFS_AR_FCT_DLY
EDW_DWH.KDR_CPTY,EDW_DMT.PFS_AR_FCT_DLY
EDW_DWH_STG.I$_USERTBL,EDW_DMT.PFS_AR_FCT_DLY
EDW_DWH.CUSTOMER,EDW_DMT.PFS_AR_FCT_DLY
EDW_DWH_STG.I$_CMS_CLERK,EDW_DMT.PFS_AR_FCT_DLY
EDW_DWH_STG.I$_CO_DVBAOHIEM_TCB,EDW_DMT.PFS_AR_FCT_DLY
EDW_DWH.LOS_HISTORIC,EDW_DMT.PFS_AR_FCT_DLY
EDW_DWH_STG.I$_COPHIEU,EDW_DMT.PFS_AR_FCT_DLY
EDW_DWH.KDR_BROKERS,EDW_DMT.PFS_AR_FCT_DLY
EDW_DWH_STG.I$_CONGTYDINHGIA_TCB,EDW_DMT.PFS_AR_FCT_DLY
EDW_SOR_STG.TMP_LOS_MAINAPP_IP2,EDW_DMT.PFS_AR_FCT_DLY
EDW_SOR_STG.TMP_LOS_MAINAPP_IP,EDW_DMT.PFS_AR_FCT_DLY
EDW_DWH.AZ_PRODUCT_PARAMETER,EDW_DMT.PFS_AR_FCT_DLY
EDW_DWH.CMS_CONTRACTINTEREST,EDW_DMT.PFS_AR_FCT_DLY
EDW_SOR_STG.T_MM_UP,EDW_DMT.PFS_AR_FCT_DLY
EDW_SOR_STG.T_AR_RATE_RSLT,EDW_DMT.PFS_AR_FCT_DLY
EDW_SOR_STG.T_LD_PD_UP,EDW_DMT.PFS_AR_FCT_DLY
EDW_DWH_STG.I$_AZ_ACCOUNT,EDW_DMT.PFS_AR_FCT_DLY
EDW_DWH_STG.I$_CMS_CONTRACTINTEREST,EDW_DMT.PFS_AR_FCT_DLY
EDW_SOR_STG.T_PD_PD_UP_RATE,EDW_DMT.PFS_AR_FCT_DLY
EDW_SOR_STG.T_AZ_AC_UP,EDW_DMT.PFS_AR_FCT_DLY
EDW_SOR_STG.T_AC_AZ_UP,EDW_DMT.PFS_AR_FCT_DLY
EDW_SOR_STG.T_CLTR_UP,EDW_DMT.PFS_AR_FCT_DLY
EDW_SOR_STG.T_ICRD_UP,EDW_DMT.PFS_AR_FCT_DLY
EDW_SOR_STG.T_MD_UP,EDW_DMT.PFS_AR_FCT_DLY
EDW_SOR_STG.T_LC_UP,EDW_DMT.PFS_AR_FCT_DLY
EDW_DWH.LD_LOANS_AND_DEPOSITS,EDW_DMT.PFS_AR_FCT_DLY
EDW_SOR_STG.T_LMT_UP,EDW_DMT.PFS_AR_FCT_DLY
EDW_SOR_STG.T_COMPANY,EDW_DMT.PFS_AR_FCT_DLY
EDW_SOR_STG.T_PD_UP,EDW_DMT.PFS_AR_FCT_DLY
EDW_DWH.MM_MONEY_MARKET_TSD,EDW_DMT.PFS_AR_FCT_DLY
EDW_DWH_STG.I$_LD_LOANS_AND_DEPOSITS,EDW_DMT.PFS_AR_FCT_DLY
EDW_DWH_STG.T_LD_LOANS_AND_DEPOSITS,EDW_DMT.PFS_AR_FCT_DLY
EDW_DWH_STG.T_PD_PAYMENT_DUE,EDW_DMT.PFS_AR_FCT_DLY
EDW_DWH_STG.T_PURPOSE_TCB,EDW_DMT.PFS_AR_FCT_DLY
EDW_DWH_STG.I$_PD_PAYMENT_DUE,EDW_DMT.PFS_AR_FCT_DLY
EDW_DWH_STG.T_ACCOUNT,EDW_DMT.PFS_AR_FCT_DLY
EDW_DWH_STG.T_LMM_ACCOUNT_BALANCES,EDW_DMT.PFS_AR_FCT_DLY
EDW_DWH.LOS_MAINAPPLICANT,EDW_DMT.PFS_AR_FCT_DLY
EDW_DWH.LOS_APPLICATION2,EDW_DMT.PFS_AR_FCT_DLY
EDW_DWH.LOS_APPLICATION,EDW_DMT.PFS_AR_FCT_DLY
EDW_DWH_STG.I$_LETTER_OF_CREDIT,EDW_DMT.PFS_AR_FCT_DLY
EDW_DWH_STG.T_SA_SCORE_TXN,EDW_DMT.PFS_AR_FCT_DLY
EDW_DWH_STG.T_LC_TYPES,EDW_DMT.PFS_AR_FCT_DLY
EDW_DWH_STG.T_EB_ECM_XEPHANG,EDW_DMT.PFS_AR_FCT_DLY
EDW_DWH_STG.T_CARD_TYPE,EDW_DMT.PFS_AR_FCT_DLY
EDW_DWH.CMS_CARD,EDW_DMT.PFS_AR_FCT_DLY
EDW_DWH_STG.I$_INFO_CARD,EDW_DMT.PFS_AR_FCT_DLY
EDW_DWH_STG.T_LIMIT,EDW_DMT.PFS_AR_FCT_DLY
EDW_DWH_STG.I$_LIMIT,EDW_DMT.PFS_AR_FCT_DLY
EDW_DWH.KDR_CREDITLIMIT,EDW_DMT.PFS_AR_FCT_DLY
EDW_DWH.KDR_RKNET_CPTY,EDW_DMT.PFS_AR_FCT_DLY
EDW_DWH.KDR_TCB_CPTY_T24CUST,EDW_DMT.PFS_AR_FCT_DLY
EDW_DWH.KDR_RKNET_CURRENCY,EDW_DMT.PFS_AR_FCT_DLY
EDW_DWH.KDR_CREDITLIMITMASTER,EDW_DMT.PFS_AR_FCT_DLY
EDW_DWH.KDR_RKNET_FOLDER,EDW_DMT.PFS_AR_FCT_DLY
EDW_DWH_STG.I$_ACCOUNT,EDW_DMT.PFS_AR_FCT_DLY
EDW_DWH.PACKAGE_ACCCOUNT,EDW_DMT.PFS_AR_FCT_DLY
EDW_DWH.ACCT_CAPITALISATION,EDW_DMT.PFS_AR_FCT_DLY
EDW_DWH_STG.T_AZ_ACCOUNT,EDW_DMT.PFS_AR_FCT_DLY
EDW_DWH.INFO_CARD,EDW_DMT.PFS_AR_FCT_DLY
EDW_DWH_STG.T_ACCOUNT_CLOSED,EDW_DMT.PFS_AR_FCT_DLY
EDW_DWH_STG.T_TKBH_AC_CLOSED_TCB,EDW_DMT.PFS_AR_FCT_DLY
EDW_DWH.GROUP_CAPITALISATION,EDW_DMT.PFS_AR_FCT_DLY
EDW_DWH_STG.I$_MM_MONEY_MARKET,EDW_DMT.PFS_AR_FCT_DLY
EDW_DWH.PURPOSE_TCB,EDW_DMT.PFS_AR_FCT_DLY
EDW_DWH_STG.T_MD_DEAL,EDW_DMT.PFS_AR_FCT_DLY
EDW_DWH_STG.T_RATE493_TCB,EDW_DMT.PFS_AR_FCT_DLY
EDW_DWH_STG.I$_MD_DEAL,EDW_DMT.PFS_AR_FCT_DLY
EDW_DWH_STG.I$_CMS_CONTRACT5,EDW_DMT.PFS_AR_FCT_DLY
EDW_ADM.ACI_EXCEPTION_AR,EDW_DMT.PFS_AR_FCT_DLY
EDW_DWH.KDR_TCB_HIERARCHY,EDW_DMT.PFS_AR_FCT_DLY
EDW_DWH.KDR_KT_KONDOR2T24ACM,EDW_DMT.PFS_AR_FCT_DLY
EDW_DWH_STG.I$_CMS_CARD_TSD,EDW_DMT.PFS_AR_FCT_DLY
EDW_DWH_STG.I$_ACCOUNT_CLOSED,EDW_DMT.PFS_AR_FCT_DLY
EDW_DWH.CMS_COLLECTIONCENTRALBANK,EDW_DMT.PFS_AR_FCT_DLY
EDW_DWH.KDR_SWAPDEALS,EDW_DMT.PFS_AR_FCT_DLY
EDW_DWH.KDR_CURRENCIES,EDW_DMT.PFS_AR_FCT_DLY
EDW_DWH.KDR_SWAPDEALSHISTT,EDW_DMT.PFS_AR_FCT_DLY
EDW_DWH.KDR_TCB_REPODEAL,EDW_DMT.PFS_AR_FCT_DLY
EDW_DWH.KDR_BODEALFOKEY,EDW_DMT.PFS_AR_FCT_DLY
EDW_DWH.KDR_REPOSECUSCHED,EDW_DMT.PFS_AR_FCT_DLY
EDW_DWH.KDR_LOANSDEPOSITDEALS,EDW_DMT.PFS_AR_FCT_DLY
EDW_DWH.KDR_SWAPLEG,EDW_DMT.PFS_AR_FCT_DLY
EDW_DWH.KDR_LO_DEPODEALSHISTT,EDW_DMT.PFS_AR_FCT_DLY
EDW_DWH.KDR_REPODEALSHISTT,EDW_DMT.PFS_AR_FCT_DLY
EDW_DWH.KDR_IAMDEALS,EDW_DMT.PFS_AR_FCT_DLY
EDW_DWH.COLLATERAL,EDW_DMT.PFS_AR_FCT_DLY
EDW_DWH_STG.I$_COLLATERAL_RIGHT,EDW_DMT.PFS_AR_FCT_DLY
EDW_SOR.BAL_RNGE,EDW_DMT.PFS_AR_FCT_DLY
EDW_ADM.TBL_PFS_SALES_PERSON,EDW_DMT.PFS_AR_FCT_DLY
EDW_ADM.TBL_PD_SCD,EDW_DMT.PFS_AR_FCT_DLY
EDW_SOR_STG.T_CUS_UP,EDW_DMT.PFS_AR_FCT_DLY
EDW_ADM.TBL_PLN_CIC,EDW_DMT.PFS_AR_FCT_DLY
EDW_DWH_STG.T_PORTFOLIO_PBC_TCB,EDW_DMT.PFS_AR_FCT_DLY
EDW_DWH.LOS_VERIFICATION,EDW_DMT.PFS_AR_FCT_DLY
EDW_DWH_STG.I$_LOS_MAINAPPLICANT_TSD,EDW_DMT.PFS_AR_FCT_DLY
EDW_SOR_STG.TMP_LOS_MAINAPP_IP3,EDW_DMT.PFS_AR_FCT_DLY
EDW_DWH_STG.I$_CMS_CONTRACTITEM5,EDW_DMT.PFS_AR_FCT_DLY
EDW_SOR_STG.T_KDR_CREDIT_LIMIT_UP,EDW_DMT.PFS_AR_FCT_DLY
EDW_SOR_STG.T_CMS_ACC2CARD,EDW_DMT.PFS_AR_FCT_DLY
EDW_DWH.HRM_USER,EDW_DMT.PFS_AR_FCT_DLY
EDW_DWH.T24M_0136_MV1,EDW_DMT.PFS_AR_FCT_DLY
EDW_DWH.T24M_0097_MV2,EDW_DMT.PFS_AR_FCT_DLY
EDW_DWH_STG.I$_INTEREST_TCB,EDW_DMT.PFS_AR_FCT_DLY
EDW_DWH.PERIODIC_INTEREST,EDW_DMT.PFS_AR_FCT_DLY
EDW_DWH.T24M_0135_MV1,EDW_DMT.PFS_AR_FCT_DLY
EDW_DWH_STG.I$_GROUP_CREDIT_INT,EDW_DMT.PFS_AR_FCT_DLY
EDW_DWH.GROUP_DEBIT_INT,EDW_DMT.PFS_AR_FCT_DLY
EDW_DWH.GROUP_CREDIT_INT,EDW_DMT.PFS_AR_FCT_DLY
EDW_DWH_STG.I$_BASIC_INTEREST,EDW_DMT.PFS_AR_FCT_DLY
EDW_DWH.KDR_CURREFINDEXT,EDW_DMT.PFS_AR_FCT_DLY
EDW_DWH_STG.I$_GROUP_DEBIT_INT,EDW_DMT.PFS_AR_FCT_DLY
EDW_DWH.CMS_CONTRACTPROFILE,EDW_DMT.PFS_AR_FCT_DLY
EDW_DWH.KDR_MATURITYCLASSES,EDW_DMT.PFS_AR_FCT_DLY
EDW_DWH.BASIC_RATE_TEXT,EDW_DMT.PFS_AR_FCT_DLY
EDW_DWH.BF_CUS_INFO,EDW_DMT.PFS_AR_FCT_DLY
EDW_DWH.BF_DB_CUSTOMER_ECO,EDW_DMT.PFS_AR_FCT_DLY
EDW_DWH.SECTOR,EDW_DMT.PFS_AR_FCT_DLY
EDW_DWH_STG.T_CUSTOMER,EDW_DMT.PFS_AR_FCT_DLY
EDW_DWH.ECO_SCTR_ECO,EDW_DMT.PFS_AR_FCT_DLY
EDW_DWH_STG.I$_CUS_ASSET_CLASS_TCB,EDW_DMT.PFS_AR_FCT_DLY
EDW_DWH_STG.I$_DEPT_ACCT_OFFICER,EDW_DMT.PFS_AR_FCT_DLY
EDW_DWH_STG.I$_DEPARTMENT_TCB,EDW_DMT.PFS_AR_FCT_DLY
EDW_DWH_STG.I$_TELLER_ID,EDW_DMT.PFS_AR_FCT_DLY
EDW_DWH.USERTBL,EDW_DMT.PFS_AR_FCT_DLY
EDW_DWH_STG.I$_EB_EXTERNAL_USER,EDW_DMT.PFS_AR_FCT_DLY
EDW_DWH_STG.T_COMPANY,EDW_DMT.PFS_AR_FCT_DLY
EDW_DWH_STG.I$_CMS_CONTRACTPARAMETERS5,EDW_DMT.PFS_AR_FCT_DLY
EDW_DWH_STG.I$_ACCOUNT_CREDIT_INT,EDW_DMT.PFS_AR_FCT_DLY
EDW_DWH.KDR_REPOSCHEDULE,EDW_DMT.PFS_AR_FCT_DLY
EDW_DWH.KDR_LOANSSCHEDULE,EDW_DMT.PFS_AR_FCT_DLY
EDW_DWH.KDR_SWAPSCHEDULE,EDW_DMT.PFS_AR_FCT_DLY
EDW_DWH.EB_PARAMETER_TCB,EDW_DMT.PFS_AR_FCT_DLY
EDW_DWH_STG.I$_ACCOUNT_DEBIT_INT,EDW_DMT.PFS_AR_FCT_DLY
EDW_DWH_STG.I$_CHANGE_STK_TCB,EDW_DMT.PFS_AR_FCT_DLY
EDW_SOR.MSR_PRD,EDW_DMT.PFS_AR_FCT_DLY
EDW_SOR.AGE_SEG,EDW_DMT.PFS_AR_FCT_DLY
EDW_ADM.RM_SALE,EDW_DMT.PFS_AR_FCT_DLY
EDW_DWH_STG.I$_PERIODIC_INTEREST,EDW_DMT.PFS_AR_FCT_DLY
EDW_DWH_STG.I$_PERIODIC_INTEREST_TCB,EDW_DMT.PFS_AR_FCT_DLY
EDW_SOR_STG.EXT_ATM_LIST,EDW_DMT.PFS_AR_FCT_DLY
EDW_SOR_STG.EXT_POS_LIST,EDW_DMT.PFS_AR_FCT_DLY
EDW_DWH_STG.I$_COUNTRY,EDW_DMT.PFS_AR_FCT_DLY
EDW_DWH_STG.I$_CURRENCY,EDW_DMT.PFS_AR_FCT_DLY
EDW_ADM.TBL_ECO_SCTR_HIER,EDW_DMT.PFS_AR_FCT_DLY
EDW_DWH.CMS_CLIENTPERSONE,EDW_DMT.PFS_AR_FCT_DLY
EDW_SOR_STG.T_CMS_CLIENT,EDW_DMT.PFS_AR_FCT_DLY
EDW_DWH_STG.I$_PRODUCT_TCB,EDW_DMT.AR_DIM
EDW_DWH_STG.I$_DEALER_DESK,EDW_DMT.AR_DIM
EDW_DWH.KDR_CLEARINGMODES,EDW_DMT.AR_DIM
EDW_SOR_STG.T_CMS_IDENTITY,EDW_DMT.AR_DIM
EDW_DWH.LOS_USERS,EDW_DMT.AR_DIM
EDW_DWH.CMS_IDENTITY,EDW_DMT.AR_DIM
EDW_DWH_STG.I$_CO_DVBAOVE_TCB,EDW_DMT.AR_DIM
EDW_DWH.KDR_USERS,EDW_DMT.AR_DIM
EDW_DWH.KDR_BRANCHES,EDW_DMT.AR_DIM
EDW_SOR_STG.T_CMS_CLIENTPERSONE,EDW_DMT.AR_DIM
EDW_DWH_STG.I$_LD_INVESTOR,EDW_DMT.AR_DIM
EDW_DWH.KDR_THIRDPARTY,EDW_DMT.AR_DIM
EDW_DWH_STG.I$_COMPANY,EDW_DMT.AR_DIM
EDW_DWH.RE_ID_NHANSU_TCB,EDW_DMT.AR_DIM
EDW_DWH.KDR_CPTY,EDW_DMT.AR_DIM
EDW_DWH_STG.I$_USERTBL,EDW_DMT.AR_DIM
EDW_DWH.CUSTOMER,EDW_DMT.AR_DIM
EDW_DWH_STG.I$_CMS_CLERK,EDW_DMT.AR_DIM
EDW_DWH_STG.I$_CO_DVBAOHIEM_TCB,EDW_DMT.AR_DIM
EDW_DWH.LOS_HISTORIC,EDW_DMT.AR_DIM
EDW_DWH_STG.I$_COPHIEU,EDW_DMT.AR_DIM
EDW_DWH.KDR_BROKERS,EDW_DMT.AR_DIM
EDW_DWH_STG.I$_CONGTYDINHGIA_TCB,EDW_DMT.AR_DIM
EDW_SOR_STG.TMP_LOS_MAINAPP_IP2,EDW_DMT.AR_DIM
EDW_SOR_STG.TMP_LOS_MAINAPP_IP,EDW_DMT.AR_DIM
EDW_DWH.MBB_CUSTOMERS_IDEN,EDW_DMT.AR_DIM
EDW_DWH.ECM_LC_TRANS_DETAILS,EDW_DMT.AR_DIM
EDW_DWH.CMS_CONTRACT,EDW_DMT.AR_DIM
EDW_DWH.ECM_LIST_PROCESS_RESULT,EDW_DMT.AR_DIM
EDW_DWH.ECM_LC_TRANSACTIONS,EDW_DMT.AR_DIM
EDW_DWH.CMS_CONTRACTTYPEPARAMETERS,EDW_DMT.AR_DIM
EDW_DWH.CMS_CONTRACTPARAMETERS,EDW_DMT.AR_DIM
EDW_SOR_STG.T_KDR_SETTLEMENTLIMIT,EDW_DMT.AR_DIM
EDW_DWH.KDR_REPODEALS,EDW_DMT.AR_DIM
EDW_DWH.CMS_CARDCNS,EDW_DMT.AR_DIM
EDW_DWH.CMS_CONTRACTSTATEHISTORY,EDW_DMT.AR_DIM
EDW_DWH.CMS_UP_1_CONTRACT,EDW_DMT.AR_DIM
EDW_DWH_STG.I$_MBB_CUSTOMERS_IDEN_TSD,EDW_DMT.AR_DIM
EDW_DWH_STG.T_CUSTOMER_STATUS,EDW_DMT.AR_DIM
EDW_DWH.CMS_DIC_RESPCODE,EDW_DMT.AR_DIM
EDW_DWH.LD_TTNPP,EDW_DMT.AR_DIM
EDW_DWH_STG.I$_INDUSTRY,EDW_DMT.AR_DIM
EDW_DWH.INDUSTRY_GSO_TCB,EDW_DMT.AR_DIM
EDW_DWH.KDR_PORTFOLIOS,EDW_DMT.AR_DIM
EDW_DWH_STG.I$_LC_PRODUCT_TYPES_TCB,EDW_DMT.AR_DIM
EDW_DWH.CMS_REFERENCEENTRY,EDW_DMT.AR_DIM
EDW_DWH.KDR_DANGKY_CV_TYPE,EDW_DMT.AR_DIM
EDW_SOR_STG.T_CMS_ACCOUNT,EDW_DMT.AR_DIM
EDW_DWH.KDR_CHARTOFACCOUNT,EDW_DMT.AR_DIM
EDW_DWH.ECM_LIST_ATM,EDW_DMT.AR_DIM
EDW_DWH_STG.T_RE_TXN_CODE,EDW_DMT.AR_DIM
EDW_DWH_STG.T_TRANSACTION_CODE,EDW_DMT.AR_DIM
EDW_DWH.KDR_FOLDERS,EDW_DMT.AR_DIM
EDW_DWH.CMS_REFERENCECRD_STAT,EDW_DMT.AR_DIM
EDW_DWH.CMS_REFERENCECARDSIGN,EDW_DMT.AR_DIM
EDW_DWH.KDR_FLOATINGRATES,EDW_DMT.AR_DIM
EDW_DWH.CMS_CONTRACTSTATEREFERENCE,EDW_DMT.AR_DIM
EDW_DWH.KDR_ACCOUNTINGGROUP,EDW_DMT.AR_DIM
EDW_DWH_STG.I$_LOAICP,EDW_DMT.AR_DIM
EDW_DWH.KDR_KDBCHOICESVALUES,EDW_DMT.AR_DIM
EDW_DWH_STG.I$_CT_CERTIFICATE_TYPE_TCB,EDW_DMT.AR_DIM
EDW_DWH_STG.T_GD_POLICY_TCB,EDW_DMT.AR_DIM
EDW_DWH_STG.I$_RE_INDUSTRY_TCB,EDW_DMT.AR_DIM
EDW_DWH_STG.I$_SECTOR,EDW_DMT.AR_DIM
EDW_DWH.CMS_DIC_TRANCODE,EDW_DMT.AR_DIM
EDW_DWH_STG.I$_CARD_TYPE,EDW_DMT.AR_DIM
EDW_DWH.LOS_DYNAMICCOMBO,EDW_DMT.AR_DIM
EDW_DWH_STG.I$_CUSTOMER,EDW_DMT.AR_DIM
EDW_DWH.CMS_CONTRACTTYPE,EDW_DMT.AR_DIM
EDW_DWH.KDR_KDBCHOICES,EDW_DMT.AR_DIM
EDW_DWH.KDR_KDBFIELDST,EDW_DMT.AR_DIM
EDW_DWH.KDR_RKNET_INSTRUMENT,EDW_DMT.AR_DIM
EDW_DWH_STG.I$_CO_LOAITSDB,EDW_DMT.AR_DIM
EDW_DWH_STG.I$_CO_PTQLTSDB,EDW_DMT.AR_DIM
EDW_DWH_STG.I$_LIMIT_REFERENCE,EDW_DMT.AR_DIM
EDW_DWH_STG.I$_CO_LOAITSDB_DETAIL,EDW_DMT.AR_DIM
EDW_DWH.CMS_DIC_TRANREASON,EDW_DMT.AR_DIM
EDW_DWH_STG.I$_LC_TYPES,EDW_DMT.AR_DIM
EDW_DWH.KDR_TYPEOFINSTR,EDW_DMT.AR_DIM
EDW_DWH_STG.T_LD_PROGRAM,EDW_DMT.AR_DIM
EDW_DWH_STG.I$_TRANGTHAI,EDW_DMT.AR_DIM
EDW_DWH.KDR_FUTURES,EDW_DMT.AR_DIM
EDW_DWH.KDR_MARKETST,EDW_DMT.AR_DIM
EDW_DWH_STG.I$_FT_TXN_TYPE_CONDITION,EDW_DMT.AR_DIM
EDW_DWH_STG.I$_COLLATERAL_CODE,EDW_DMT.AR_DIM
EDW_SOR_STG.T_CMS_DIC_RESPCODE,EDW_DMT.AR_DIM
EDW_DWH.KDR_CPTYDEFT,EDW_DMT.AR_DIM
EDW_DWH_STG.I$_PHONGTOA_TCB,EDW_DMT.AR_DIM
EDW_DWH_STG.I$_CT_CATEGORY_TCB,EDW_DMT.AR_DIM
EDW_DWH.EB_LOANS_PURPOSE_TCB,EDW_DMT.AR_DIM
EDW_DWH.TD_KVRRTYPE,EDW_DMT.AR_DIM
EDW_DWH.KDR_PAYMENTCLASS,EDW_DMT.AR_DIM
EDW_DWH_STG.I$_CT_TRANSFER_CODE_TCB,EDW_DMT.AR_DIM
EDW_DWH_STG.I$_PURPOSE_TCB,EDW_DMT.AR_DIM
EDW_DWH_STG.I$_CATEGORY,EDW_DMT.AR_DIM
EDW_DWH_STG.I$_RELATION,EDW_DMT.AR_DIM
EDW_DWH_STG.T_GROUP_ACC_TCB,EDW_DMT.AR_DIM
EDW_DWH_STG.I$_FT_COMMISSION_TYPE,EDW_DMT.AR_DIM
EDW_DWH.AZ_PRODUCT_PARAMETER,EDW_DMT.AR_DIM
EDW_DWH.CMS_CONTRACTINTEREST,EDW_DMT.AR_DIM
EDW_SOR_STG.T_MM_UP,EDW_DMT.AR_DIM
EDW_SOR_STG.T_AR_RATE_RSLT,EDW_DMT.AR_DIM
EDW_SOR_STG.T_LD_PD_UP,EDW_DMT.AR_DIM
EDW_DWH_STG.I$_AZ_ACCOUNT,EDW_DMT.AR_DIM
EDW_DWH_STG.I$_CMS_CONTRACTINTEREST,EDW_DMT.AR_DIM
EDW_SOR_STG.T_PD_PD_UP_RATE,EDW_DMT.AR_DIM
EDW_SOR_STG.T_AZ_AC_UP,EDW_DMT.AR_DIM
EDW_SOR_STG.T_AC_AZ_UP,EDW_DMT.AR_DIM
EDW_SOR_STG.T_CLTR_UP,EDW_DMT.AR_DIM
EDW_SOR_STG.T_ICRD_UP,EDW_DMT.AR_DIM
EDW_SOR_STG.T_MD_UP,EDW_DMT.AR_DIM
EDW_SOR_STG.T_LC_UP,EDW_DMT.AR_DIM
EDW_DWH.LD_LOANS_AND_DEPOSITS,EDW_DMT.AR_DIM
EDW_SOR_STG.T_LMT_UP,EDW_DMT.AR_DIM
EDW_SOR_STG.T_COMPANY,EDW_DMT.AR_DIM
EDW_SOR_STG.T_PD_UP,EDW_DMT.AR_DIM
EDW_DWH.MM_MONEY_MARKET_TSD,EDW_DMT.AR_DIM
EDW_DWH_STG.T_MD_DEAL,EDW_DMT.AR_DIM
EDW_DWH_STG.T_RATE493_TCB,EDW_DMT.AR_DIM
EDW_DWH_STG.I$_MD_DEAL,EDW_DMT.AR_DIM
EDW_DWH_STG.I$_PD_PAYMENT_DUE,EDW_DMT.AR_DIM
EDW_DWH_STG.T_PD_PAYMENT_DUE,EDW_DMT.AR_DIM
EDW_DWH_STG.I$_MM_MONEY_MARKET,EDW_DMT.AR_DIM
EDW_DWH.PURPOSE_TCB,EDW_DMT.AR_DIM
EDW_DWH_STG.I$_LD_LOANS_AND_DEPOSITS,EDW_DMT.AR_DIM
EDW_DWH_STG.T_LD_LOANS_AND_DEPOSITS,EDW_DMT.AR_DIM
EDW_DWH_STG.T_PURPOSE_TCB,EDW_DMT.AR_DIM
EDW_DWH_STG.T_ACCOUNT,EDW_DMT.AR_DIM
EDW_DWH_STG.T_LMM_ACCOUNT_BALANCES,EDW_DMT.AR_DIM
EDW_DWH_STG.T_ACCOUNT_CLOSED,EDW_DMT.AR_DIM
EDW_DWH.ACCT_CAPITALISATION,EDW_DMT.AR_DIM
EDW_DWH.GROUP_CAPITALISATION,EDW_DMT.AR_DIM
EDW_DWH_STG.T_LIMIT,EDW_DMT.AR_DIM
EDW_DWH_STG.T_CARD_TYPE,EDW_DMT.AR_DIM
EDW_DWH.CMS_CARD,EDW_DMT.AR_DIM
EDW_DWH_STG.I$_INFO_CARD,EDW_DMT.AR_DIM
EDW_DWH_STG.I$_LIMIT,EDW_DMT.AR_DIM
EDW_DWH_STG.I$_LETTER_OF_CREDIT,EDW_DMT.AR_DIM
EDW_DWH_STG.T_SA_SCORE_TXN,EDW_DMT.AR_DIM
EDW_DWH_STG.T_LC_TYPES,EDW_DMT.AR_DIM
EDW_DWH_STG.T_EB_ECM_XEPHANG,EDW_DMT.AR_DIM
EDW_DWH_STG.I$_ACCOUNT,EDW_DMT.AR_DIM
EDW_DWH.PACKAGE_ACCCOUNT,EDW_DMT.AR_DIM
EDW_DWH_STG.T_AZ_ACCOUNT,EDW_DMT.AR_DIM
EDW_DWH.INFO_CARD,EDW_DMT.AR_DIM
EDW_DWH_STG.T_TKBH_AC_CLOSED_TCB,EDW_DMT.AR_DIM
EDW_DWH.LOS_MAINAPPLICANT,EDW_DMT.AR_DIM
EDW_DWH.LOS_APPLICATION2,EDW_DMT.AR_DIM
EDW_DWH.LOS_APPLICATION,EDW_DMT.AR_DIM
EDW_DWH.COLLATERAL,EDW_DMT.AR_DIM
EDW_DWH_STG.I$_COLLATERAL_RIGHT,EDW_DMT.AR_DIM
EDW_DWH_STG.I$_CMS_CONTRACTITEM5,EDW_DMT.AR_DIM
EDW_SOR_STG.T_KDR_CREDIT_LIMIT_UP,EDW_DMT.AR_DIM
EDW_SOR_STG.T_CMS_ACC2CARD,EDW_DMT.AR_DIM
EDW_DWH.HRM_USER,EDW_DMT.AR_DIM
EDW_DWH.T24M_0136_MV1,EDW_DMT.AR_DIM
EDW_DWH.T24M_0097_MV2,EDW_DMT.AR_DIM
EDW_DWH_STG.I$_INTEREST_TCB,EDW_DMT.AR_DIM
EDW_DWH.PERIODIC_INTEREST,EDW_DMT.AR_DIM
EDW_DWH.T24M_0135_MV1,EDW_DMT.AR_DIM
EDW_DWH_STG.I$_GROUP_CREDIT_INT,EDW_DMT.AR_DIM
EDW_DWH.GROUP_DEBIT_INT,EDW_DMT.AR_DIM
EDW_DWH.GROUP_CREDIT_INT,EDW_DMT.AR_DIM
EDW_DWH_STG.I$_BASIC_INTEREST,EDW_DMT.AR_DIM
EDW_DWH.KDR_CURREFINDEXT,EDW_DMT.AR_DIM
EDW_DWH_STG.I$_GROUP_DEBIT_INT,EDW_DMT.AR_DIM
EDW_DWH.CMS_CONTRACTPROFILE,EDW_DMT.AR_DIM
EDW_DWH.KDR_MATURITYCLASSES,EDW_DMT.AR_DIM
EDW_DWH.BASIC_RATE_TEXT,EDW_DMT.AR_DIM
EDW_DWH.BF_CUS_INFO,EDW_DMT.AR_DIM
EDW_DWH.BF_DB_CUSTOMER_ECO,EDW_DMT.AR_DIM
EDW_DWH.SECTOR,EDW_DMT.AR_DIM
EDW_DWH_STG.T_CUSTOMER,EDW_DMT.AR_DIM
EDW_DWH.ECO_SCTR_ECO,EDW_DMT.AR_DIM
EDW_DWH_STG.I$_CUS_ASSET_CLASS_TCB,EDW_DMT.AR_DIM
EDW_DWH_STG.I$_CMS_CARD_TSD,EDW_DMT.AR_DIM
EDW_DWH_STG.I$_DEPT_ACCT_OFFICER,EDW_DMT.AR_DIM
EDW_DWH_STG.I$_DEPARTMENT_TCB,EDW_DMT.AR_DIM
EDW_DWH_STG.I$_TELLER_ID,EDW_DMT.AR_DIM
EDW_DWH.USERTBL,EDW_DMT.AR_DIM
EDW_DWH_STG.I$_EB_EXTERNAL_USER,EDW_DMT.AR_DIM
EDW_DWH_STG.T_COMPANY,EDW_DMT.AR_DIM
EDW_DWH.KDR_CREDITLIMIT,EDW_DMT.AR_DIM
EDW_DWH.KDR_RKNET_CPTY,EDW_DMT.AR_DIM
EDW_DWH.KDR_TCB_CPTY_T24CUST,EDW_DMT.AR_DIM
EDW_DWH.KDR_RKNET_CURRENCY,EDW_DMT.AR_DIM
EDW_DWH.KDR_CREDITLIMITMASTER,EDW_DMT.AR_DIM
EDW_DWH.KDR_RKNET_FOLDER,EDW_DMT.AR_DIM
EDW_DWH_STG.I$_CMS_CONTRACT5,EDW_DMT.AR_DIM
EDW_ADM.ACI_EXCEPTION_AR,EDW_DMT.AR_DIM
EDW_DWH.KDR_TCB_HIERARCHY,EDW_DMT.AR_DIM
EDW_DWH.KDR_KT_KONDOR2T24ACM,EDW_DMT.AR_DIM
EDW_DWH_STG.I$_ACCOUNT_CLOSED,EDW_DMT.AR_DIM
EDW_DWH.CMS_COLLECTIONCENTRALBANK,EDW_DMT.AR_DIM
EDW_DWH.KDR_SWAPDEALS,EDW_DMT.AR_DIM
EDW_DWH.KDR_CURRENCIES,EDW_DMT.AR_DIM
EDW_DWH.KDR_SWAPDEALSHISTT,EDW_DMT.AR_DIM
EDW_DWH.KDR_TCB_REPODEAL,EDW_DMT.AR_DIM
EDW_DWH.KDR_BODEALFOKEY,EDW_DMT.AR_DIM
EDW_DWH.KDR_REPOSECUSCHED,EDW_DMT.AR_DIM
EDW_DWH.KDR_LOANSDEPOSITDEALS,EDW_DMT.AR_DIM
EDW_DWH.KDR_SWAPLEG,EDW_DMT.AR_DIM
EDW_DWH.KDR_LO_DEPODEALSHISTT,EDW_DMT.AR_DIM
EDW_DWH.KDR_REPODEALSHISTT,EDW_DMT.AR_DIM
EDW_DWH.KDR_IAMDEALS,EDW_DMT.AR_DIM
EDW_DWH_STG.I$_CMS_CONTRACTPARAMETERS5,EDW_DMT.AR_DIM
EDW_DWH_STG.I$_ACCOUNT_CREDIT_INT,EDW_DMT.AR_DIM
EDW_DWH.KDR_REPOSCHEDULE,EDW_DMT.AR_DIM
EDW_DWH.KDR_LOANSSCHEDULE,EDW_DMT.AR_DIM
EDW_DWH.KDR_SWAPSCHEDULE,EDW_DMT.AR_DIM
EDW_DWH.EB_PARAMETER_TCB,EDW_DMT.AR_DIM
EDW_DWH_STG.I$_ACCOUNT_DEBIT_INT,EDW_DMT.AR_DIM
EDW_DWH_STG.I$_CHANGE_STK_TCB,EDW_DMT.AR_DIM
EDW_ADM.RM_SALE,EDW_DMT.AR_DIM
EDW_DWH_STG.I$_PERIODIC_INTEREST,EDW_DMT.AR_DIM
EDW_DWH_STG.I$_PERIODIC_INTEREST_TCB,EDW_DMT.AR_DIM
EDW_ADM.TBL_ECO_SCTR_HIER,EDW_DMT.AR_DIM
EDW_DWH.CURRENCY,EDW_DMT.CST_DIM
EDW_DWH.CMS_DIC_COUNTRY,EDW_DMT.CST_DIM
EDW_DWH_STG.T_CUSTOMER_STATUS,EDW_DMT.CST_DIM
EDW_DWH.CMS_DIC_RESPCODE,EDW_DMT.CST_DIM
EDW_DWH.LD_TTNPP,EDW_DMT.CST_DIM
EDW_DWH_STG.I$_INDUSTRY,EDW_DMT.CST_DIM
EDW_DWH.INDUSTRY_GSO_TCB,EDW_DMT.CST_DIM
EDW_DWH.KDR_PORTFOLIOS,EDW_DMT.CST_DIM
EDW_DWH_STG.I$_LC_PRODUCT_TYPES_TCB,EDW_DMT.CST_DIM
EDW_DWH.CMS_REFERENCEENTRY,EDW_DMT.CST_DIM
EDW_DWH.KDR_DANGKY_CV_TYPE,EDW_DMT.CST_DIM
EDW_SOR_STG.T_CMS_ACCOUNT,EDW_DMT.CST_DIM
EDW_DWH.KDR_CHARTOFACCOUNT,EDW_DMT.CST_DIM
EDW_DWH.ECM_LIST_ATM,EDW_DMT.CST_DIM
EDW_DWH_STG.T_RE_TXN_CODE,EDW_DMT.CST_DIM
EDW_DWH_STG.T_TRANSACTION_CODE,EDW_DMT.CST_DIM
EDW_DWH.KDR_FOLDERS,EDW_DMT.CST_DIM
EDW_DWH.CMS_REFERENCECRD_STAT,EDW_DMT.CST_DIM
EDW_DWH.CMS_REFERENCECARDSIGN,EDW_DMT.CST_DIM
EDW_DWH.KDR_FLOATINGRATES,EDW_DMT.CST_DIM
EDW_DWH.CMS_CONTRACTSTATEREFERENCE,EDW_DMT.CST_DIM
EDW_DWH.KDR_ACCOUNTINGGROUP,EDW_DMT.CST_DIM
EDW_DWH_STG.I$_LOAICP,EDW_DMT.CST_DIM
EDW_DWH.KDR_KDBCHOICESVALUES,EDW_DMT.CST_DIM
EDW_DWH_STG.I$_CT_CERTIFICATE_TYPE_TCB,EDW_DMT.CST_DIM
EDW_DWH_STG.T_GD_POLICY_TCB,EDW_DMT.CST_DIM
EDW_DWH_STG.I$_RE_INDUSTRY_TCB,EDW_DMT.CST_DIM
EDW_DWH_STG.I$_SECTOR,EDW_DMT.CST_DIM
EDW_DWH.CMS_DIC_TRANCODE,EDW_DMT.CST_DIM
EDW_DWH_STG.I$_CARD_TYPE,EDW_DMT.CST_DIM
EDW_DWH.LOS_DYNAMICCOMBO,EDW_DMT.CST_DIM
EDW_DWH_STG.I$_CUSTOMER,EDW_DMT.CST_DIM
EDW_DWH.CMS_CONTRACTTYPE,EDW_DMT.CST_DIM
EDW_DWH.KDR_KDBCHOICES,EDW_DMT.CST_DIM
EDW_DWH.KDR_KDBFIELDST,EDW_DMT.CST_DIM
EDW_DWH.KDR_RKNET_INSTRUMENT,EDW_DMT.CST_DIM
EDW_DWH_STG.I$_CO_LOAITSDB,EDW_DMT.CST_DIM
EDW_DWH_STG.I$_CO_PTQLTSDB,EDW_DMT.CST_DIM
EDW_DWH_STG.I$_LIMIT_REFERENCE,EDW_DMT.CST_DIM
EDW_DWH_STG.I$_CO_LOAITSDB_DETAIL,EDW_DMT.CST_DIM
EDW_DWH.CMS_DIC_TRANREASON,EDW_DMT.CST_DIM
EDW_DWH_STG.I$_LC_TYPES,EDW_DMT.CST_DIM
EDW_DWH.KDR_BRANCHES,EDW_DMT.CST_DIM
EDW_DWH.KDR_TYPEOFINSTR,EDW_DMT.CST_DIM
EDW_DWH_STG.T_LD_PROGRAM,EDW_DMT.CST_DIM
EDW_DWH_STG.I$_TRANGTHAI,EDW_DMT.CST_DIM
EDW_DWH.KDR_FUTURES,EDW_DMT.CST_DIM
EDW_DWH.KDR_MARKETST,EDW_DMT.CST_DIM
EDW_DWH_STG.I$_FT_TXN_TYPE_CONDITION,EDW_DMT.CST_DIM
EDW_DWH_STG.I$_COLLATERAL_CODE,EDW_DMT.CST_DIM
EDW_SOR_STG.T_CMS_DIC_RESPCODE,EDW_DMT.CST_DIM
EDW_DWH.KDR_CPTYDEFT,EDW_DMT.CST_DIM
EDW_DWH_STG.I$_PHONGTOA_TCB,EDW_DMT.CST_DIM
EDW_DWH_STG.I$_CT_CATEGORY_TCB,EDW_DMT.CST_DIM
EDW_DWH.EB_LOANS_PURPOSE_TCB,EDW_DMT.CST_DIM
EDW_DWH.TD_KVRRTYPE,EDW_DMT.CST_DIM
EDW_DWH.KDR_PAYMENTCLASS,EDW_DMT.CST_DIM
EDW_DWH_STG.I$_CT_TRANSFER_CODE_TCB,EDW_DMT.CST_DIM
EDW_DWH_STG.I$_PURPOSE_TCB,EDW_DMT.CST_DIM
EDW_DWH_STG.I$_CATEGORY,EDW_DMT.CST_DIM
EDW_DWH_STG.I$_RELATION,EDW_DMT.CST_DIM
EDW_DWH_STG.T_GROUP_ACC_TCB,EDW_DMT.CST_DIM
EDW_DWH_STG.I$_FT_COMMISSION_TYPE,EDW_DMT.CST_DIM
EDW_SOR_STG.T_KDR_SETTLEMENTLIMIT,EDW_DMT.CST_DIM
EDW_DWH.MBB_CUSTOMERS_IDEN,EDW_DMT.CST_DIM
EDW_DWH.ECM_LC_TRANS_DETAILS,EDW_DMT.CST_DIM
EDW_DWH.CMS_CONTRACT,EDW_DMT.CST_DIM
EDW_DWH.ECM_LIST_PROCESS_RESULT,EDW_DMT.CST_DIM
EDW_DWH.ECM_LC_TRANSACTIONS,EDW_DMT.CST_DIM
EDW_DWH.CMS_CONTRACTTYPEPARAMETERS,EDW_DMT.CST_DIM
EDW_DWH.CMS_CONTRACTPARAMETERS,EDW_DMT.CST_DIM
EDW_DWH.KDR_REPODEALS,EDW_DMT.CST_DIM
EDW_DWH.CMS_CARDCNS,EDW_DMT.CST_DIM
EDW_DWH.CMS_CONTRACTSTATEHISTORY,EDW_DMT.CST_DIM
EDW_DWH.CMS_UP_1_CONTRACT,EDW_DMT.CST_DIM
EDW_DWH_STG.I$_MBB_CUSTOMERS_IDEN_TSD,EDW_DMT.CST_DIM
EDW_SOR_STG.T_CUS_UP,EDW_DMT.CST_DIM
EDW_ADM.TBL_PLN_CIC,EDW_DMT.CST_DIM
EDW_DWH_STG.I$_DEALER_DESK,EDW_DMT.CST_DIM
EDW_DWH.KDR_CLEARINGMODES,EDW_DMT.CST_DIM
EDW_SOR_STG.T_CMS_IDENTITY,EDW_DMT.CST_DIM
EDW_DWH.LOS_USERS,EDW_DMT.CST_DIM
EDW_DWH.CMS_IDENTITY,EDW_DMT.CST_DIM
EDW_DWH_STG.I$_CO_DVBAOVE_TCB,EDW_DMT.CST_DIM
EDW_DWH.KDR_USERS,EDW_DMT.CST_DIM
EDW_SOR_STG.T_CMS_CLIENTPERSONE,EDW_DMT.CST_DIM
EDW_DWH_STG.I$_LD_INVESTOR,EDW_DMT.CST_DIM
EDW_DWH.KDR_THIRDPARTY,EDW_DMT.CST_DIM
EDW_DWH_STG.I$_COMPANY,EDW_DMT.CST_DIM
EDW_DWH.RE_ID_NHANSU_TCB,EDW_DMT.CST_DIM
EDW_DWH.KDR_CPTY,EDW_DMT.CST_DIM
EDW_DWH_STG.I$_USERTBL,EDW_DMT.CST_DIM
EDW_DWH.CUSTOMER,EDW_DMT.CST_DIM
EDW_DWH_STG.I$_CMS_CLERK,EDW_DMT.CST_DIM
EDW_DWH_STG.I$_CO_DVBAOHIEM_TCB,EDW_DMT.CST_DIM
EDW_DWH.LOS_HISTORIC,EDW_DMT.CST_DIM
EDW_DWH_STG.I$_COPHIEU,EDW_DMT.CST_DIM
EDW_DWH.KDR_BROKERS,EDW_DMT.CST_DIM
EDW_DWH_STG.I$_CONGTYDINHGIA_TCB,EDW_DMT.CST_DIM
EDW_SOR_STG.TMP_LOS_MAINAPP_IP2,EDW_DMT.CST_DIM
EDW_SOR_STG.TMP_LOS_MAINAPP_IP,EDW_DMT.CST_DIM
EDW_DWH_STG.T_PORTFOLIO_PBC_TCB,EDW_DMT.CST_DIM
EDW_DWH.KDR_TCB_CPTY_T24CUST,EDW_DMT.CST_DIM
EDW_DWH.LOS_VERIFICATION,EDW_DMT.CST_DIM
EDW_DWH_STG.I$_LOS_MAINAPPLICANT_TSD,EDW_DMT.CST_DIM
EDW_SOR_STG.TMP_LOS_MAINAPP_IP3,EDW_DMT.CST_DIM
EDW_DWH.KDR_CREDITLIMIT,EDW_DMT.CST_DIM
EDW_DWH.KDR_RKNET_CPTY,EDW_DMT.CST_DIM
EDW_DWH.KDR_RKNET_CURRENCY,EDW_DMT.CST_DIM
EDW_DWH.KDR_CREDITLIMITMASTER,EDW_DMT.CST_DIM
EDW_DWH.KDR_RKNET_FOLDER,EDW_DMT.CST_DIM
EDW_DWH_STG.T_ACCOUNT,EDW_DMT.CST_DIM
EDW_DWH_STG.T_LIMIT,EDW_DMT.CST_DIM
EDW_DWH_STG.I$_LIMIT,EDW_DMT.CST_DIM
EDW_DWH.CMS_COLLECTIONCENTRALBANK,EDW_DMT.CST_DIM
EDW_DWH.INFO_CARD,EDW_DMT.CST_DIM
EDW_DWH_STG.I$_LD_LOANS_AND_DEPOSITS,EDW_DMT.CST_DIM
EDW_DWH_STG.T_LD_LOANS_AND_DEPOSITS,EDW_DMT.CST_DIM
EDW_DWH_STG.T_PD_PAYMENT_DUE,EDW_DMT.CST_DIM
EDW_DWH_STG.T_PURPOSE_TCB,EDW_DMT.CST_DIM
EDW_DWH_STG.I$_PD_PAYMENT_DUE,EDW_DMT.CST_DIM
EDW_DWH_STG.T_LMM_ACCOUNT_BALANCES,EDW_DMT.CST_DIM
EDW_DWH.LOS_MAINAPPLICANT,EDW_DMT.CST_DIM
EDW_DWH.LOS_APPLICATION2,EDW_DMT.CST_DIM
EDW_DWH.LOS_APPLICATION,EDW_DMT.CST_DIM
EDW_DWH_STG.I$_LETTER_OF_CREDIT,EDW_DMT.CST_DIM
EDW_DWH_STG.T_SA_SCORE_TXN,EDW_DMT.CST_DIM
EDW_DWH_STG.T_LC_TYPES,EDW_DMT.CST_DIM
EDW_DWH_STG.T_EB_ECM_XEPHANG,EDW_DMT.CST_DIM
EDW_DWH_STG.T_CARD_TYPE,EDW_DMT.CST_DIM
EDW_DWH.CMS_CARD,EDW_DMT.CST_DIM
EDW_DWH_STG.I$_INFO_CARD,EDW_DMT.CST_DIM
EDW_DWH_STG.I$_AZ_ACCOUNT,EDW_DMT.CST_DIM
EDW_DWH_STG.I$_ACCOUNT,EDW_DMT.CST_DIM
EDW_DWH.PACKAGE_ACCCOUNT,EDW_DMT.CST_DIM
EDW_DWH.ACCT_CAPITALISATION,EDW_DMT.CST_DIM
EDW_DWH_STG.T_AZ_ACCOUNT,EDW_DMT.CST_DIM
EDW_DWH_STG.T_ACCOUNT_CLOSED,EDW_DMT.CST_DIM
EDW_DWH_STG.T_TKBH_AC_CLOSED_TCB,EDW_DMT.CST_DIM
EDW_DWH.GROUP_CAPITALISATION,EDW_DMT.CST_DIM
EDW_DWH_STG.I$_MM_MONEY_MARKET,EDW_DMT.CST_DIM
EDW_DWH.PURPOSE_TCB,EDW_DMT.CST_DIM
EDW_DWH_STG.T_MD_DEAL,EDW_DMT.CST_DIM
EDW_DWH_STG.T_RATE493_TCB,EDW_DMT.CST_DIM
EDW_DWH_STG.I$_MD_DEAL,EDW_DMT.CST_DIM
EDW_DWH_STG.I$_CMS_CONTRACT5,EDW_DMT.CST_DIM
EDW_ADM.ACI_EXCEPTION_AR,EDW_DMT.CST_DIM
EDW_DWH.KDR_TCB_HIERARCHY,EDW_DMT.CST_DIM
EDW_DWH.KDR_KT_KONDOR2T24ACM,EDW_DMT.CST_DIM
EDW_DWH_STG.I$_CMS_CARD_TSD,EDW_DMT.CST_DIM
EDW_DWH_STG.I$_ACCOUNT_CLOSED,EDW_DMT.CST_DIM
EDW_DWH.KDR_SWAPDEALS,EDW_DMT.CST_DIM
EDW_DWH.KDR_CURRENCIES,EDW_DMT.CST_DIM
EDW_DWH.KDR_SWAPDEALSHISTT,EDW_DMT.CST_DIM
EDW_DWH.KDR_TCB_REPODEAL,EDW_DMT.CST_DIM
EDW_DWH.KDR_BODEALFOKEY,EDW_DMT.CST_DIM
EDW_DWH.KDR_REPOSECUSCHED,EDW_DMT.CST_DIM
EDW_DWH.KDR_LOANSDEPOSITDEALS,EDW_DMT.CST_DIM
EDW_DWH.KDR_SWAPLEG,EDW_DMT.CST_DIM
EDW_DWH.KDR_LO_DEPODEALSHISTT,EDW_DMT.CST_DIM
EDW_DWH.KDR_REPODEALSHISTT,EDW_DMT.CST_DIM
EDW_DWH.KDR_IAMDEALS,EDW_DMT.CST_DIM
EDW_DWH.COLLATERAL,EDW_DMT.CST_DIM
EDW_DWH_STG.I$_COLLATERAL_RIGHT,EDW_DMT.CST_DIM
EDW_DWH.BF_CUS_INFO,EDW_DMT.CST_DIM
EDW_DWH.BF_DB_CUSTOMER_ECO,EDW_DMT.CST_DIM
EDW_DWH.SECTOR,EDW_DMT.CST_DIM
EDW_DWH_STG.T_CUSTOMER,EDW_DMT.CST_DIM
EDW_DWH.ECO_SCTR_ECO,EDW_DMT.CST_DIM
EDW_DWH_STG.I$_CUS_ASSET_CLASS_TCB,EDW_DMT.CST_DIM
EDW_ADM.RM_SALE,EDW_DMT.CST_DIM
EDW_DWH_STG.I$_DEPT_ACCT_OFFICER,EDW_DMT.CST_DIM
EDW_DWH_STG.I$_DEPARTMENT_TCB,EDW_DMT.CST_DIM
EDW_DWH_STG.I$_TELLER_ID,EDW_DMT.CST_DIM
EDW_DWH.USERTBL,EDW_DMT.CST_DIM
EDW_DWH_STG.I$_EB_EXTERNAL_USER,EDW_DMT.CST_DIM
EDW_DWH_STG.T_COMPANY,EDW_DMT.CST_DIM
EDW_DWH_STG.I$_PRODUCT_TCB,EDW_DMT.CST_DIM
EDW_ADM.TBL_ECO_SCTR_HIER,EDW_DMT.CST_DIM
EDW_DWH_STG.I$_COUNTRY,EDW_DMT.CCY_DIM
EDW_DWH_STG.I$_CURRENCY,EDW_DMT.CCY_DIM
EDW_DWH_STG.T_CUSTOMER_STATUS,EDW_DMT.CCY_DIM
EDW_DWH.CMS_DIC_RESPCODE,EDW_DMT.CCY_DIM
EDW_DWH.LD_TTNPP,EDW_DMT.CCY_DIM
EDW_DWH_STG.I$_INDUSTRY,EDW_DMT.CCY_DIM
EDW_DWH.INDUSTRY_GSO_TCB,EDW_DMT.CCY_DIM
EDW_DWH.KDR_PORTFOLIOS,EDW_DMT.CCY_DIM
EDW_DWH_STG.I$_LC_PRODUCT_TYPES_TCB,EDW_DMT.CCY_DIM
EDW_DWH.CMS_REFERENCEENTRY,EDW_DMT.CCY_DIM
EDW_DWH.KDR_DANGKY_CV_TYPE,EDW_DMT.CCY_DIM
EDW_SOR_STG.T_CMS_ACCOUNT,EDW_DMT.CCY_DIM
EDW_DWH.KDR_CHARTOFACCOUNT,EDW_DMT.CCY_DIM
EDW_DWH.ECM_LIST_ATM,EDW_DMT.CCY_DIM
EDW_DWH_STG.T_RE_TXN_CODE,EDW_DMT.CCY_DIM
EDW_DWH_STG.T_TRANSACTION_CODE,EDW_DMT.CCY_DIM
EDW_DWH.KDR_FOLDERS,EDW_DMT.CCY_DIM
EDW_DWH.CMS_REFERENCECRD_STAT,EDW_DMT.CCY_DIM
EDW_DWH.CMS_REFERENCECARDSIGN,EDW_DMT.CCY_DIM
EDW_DWH.KDR_FLOATINGRATES,EDW_DMT.CCY_DIM
EDW_DWH.CMS_CONTRACTSTATEREFERENCE,EDW_DMT.CCY_DIM
EDW_DWH.KDR_ACCOUNTINGGROUP,EDW_DMT.CCY_DIM
EDW_DWH_STG.I$_LOAICP,EDW_DMT.CCY_DIM
EDW_DWH.KDR_KDBCHOICESVALUES,EDW_DMT.CCY_DIM
EDW_DWH_STG.I$_CT_CERTIFICATE_TYPE_TCB,EDW_DMT.CCY_DIM
EDW_DWH_STG.T_GD_POLICY_TCB,EDW_DMT.CCY_DIM
EDW_DWH_STG.I$_RE_INDUSTRY_TCB,EDW_DMT.CCY_DIM
EDW_DWH_STG.I$_SECTOR,EDW_DMT.CCY_DIM
EDW_DWH.CMS_DIC_TRANCODE,EDW_DMT.CCY_DIM
EDW_DWH_STG.I$_CARD_TYPE,EDW_DMT.CCY_DIM
EDW_DWH.LOS_DYNAMICCOMBO,EDW_DMT.CCY_DIM
EDW_DWH_STG.I$_CUSTOMER,EDW_DMT.CCY_DIM
EDW_DWH.CMS_CONTRACTTYPE,EDW_DMT.CCY_DIM
EDW_DWH.KDR_KDBCHOICES,EDW_DMT.CCY_DIM
EDW_DWH.KDR_KDBFIELDST,EDW_DMT.CCY_DIM
EDW_DWH.KDR_RKNET_INSTRUMENT,EDW_DMT.CCY_DIM
EDW_DWH_STG.I$_CO_LOAITSDB,EDW_DMT.CCY_DIM
EDW_DWH_STG.I$_CO_PTQLTSDB,EDW_DMT.CCY_DIM
EDW_DWH_STG.I$_LIMIT_REFERENCE,EDW_DMT.CCY_DIM
EDW_DWH_STG.I$_CO_LOAITSDB_DETAIL,EDW_DMT.CCY_DIM
EDW_DWH.CMS_DIC_TRANREASON,EDW_DMT.CCY_DIM
EDW_DWH_STG.I$_LC_TYPES,EDW_DMT.CCY_DIM
EDW_DWH.KDR_BRANCHES,EDW_DMT.CCY_DIM
EDW_DWH.KDR_TYPEOFINSTR,EDW_DMT.CCY_DIM
EDW_DWH_STG.T_LD_PROGRAM,EDW_DMT.CCY_DIM
EDW_DWH_STG.I$_TRANGTHAI,EDW_DMT.CCY_DIM
EDW_DWH.KDR_FUTURES,EDW_DMT.CCY_DIM
EDW_DWH.KDR_MARKETST,EDW_DMT.CCY_DIM
EDW_DWH_STG.I$_FT_TXN_TYPE_CONDITION,EDW_DMT.CCY_DIM
EDW_DWH_STG.I$_COLLATERAL_CODE,EDW_DMT.CCY_DIM
EDW_SOR_STG.T_CMS_DIC_RESPCODE,EDW_DMT.CCY_DIM
EDW_DWH.KDR_CPTYDEFT,EDW_DMT.CCY_DIM
EDW_DWH_STG.I$_PHONGTOA_TCB,EDW_DMT.CCY_DIM
EDW_DWH_STG.I$_CT_CATEGORY_TCB,EDW_DMT.CCY_DIM
EDW_DWH.EB_LOANS_PURPOSE_TCB,EDW_DMT.CCY_DIM
EDW_DWH.TD_KVRRTYPE,EDW_DMT.CCY_DIM
EDW_DWH.KDR_PAYMENTCLASS,EDW_DMT.CCY_DIM
EDW_DWH_STG.I$_CT_TRANSFER_CODE_TCB,EDW_DMT.CCY_DIM
EDW_DWH_STG.I$_PURPOSE_TCB,EDW_DMT.CCY_DIM
EDW_DWH_STG.I$_CATEGORY,EDW_DMT.CCY_DIM
EDW_DWH_STG.I$_RELATION,EDW_DMT.CCY_DIM
EDW_DWH_STG.T_GROUP_ACC_TCB,EDW_DMT.CCY_DIM
EDW_DWH_STG.I$_FT_COMMISSION_TYPE,EDW_DMT.CCY_DIM
EDW_ADM.TBL_PFS_PD_RAW,EDW_DMT.PFS_PD_DIM
ODS_SRC_T24REP.J$_AZ_ACCOUNT_ODS,DWH_LOGICAL.AZ_ACCOUNT
DWH_LOGICAL.V_T24AZ_ACCOUNT,DWH_LOGICAL.AZ_ACCOUNT
DWH_LOGICAL.V_T24MM_MONEY_MARKET,DWH_LOGICAL.MM_MONEY_MARKET
ODS_SRC_T24REP.J$_MM_MONEY_MARKET_ODS,DWH_LOGICAL.MM_MONEY_MARKET
ODS_SRC_T24REP.J$_LD_L000_ODS,DWH_LOGICAL.LD_LOANS_AND_DEPOSITS
DWH_LOGICAL.V_T24LD_LOANS_AND_DEPOSITS,DWH_LOGICAL.LD_LOANS_AND_DEPOSITS
EDW_DWH_STG.I$_DEALER_DESK,EDW_DMT.OU_DIM
EDW_DWH.KDR_CLEARINGMODES,EDW_DMT.OU_DIM
EDW_SOR_STG.T_CMS_IDENTITY,EDW_DMT.OU_DIM
EDW_DWH.LOS_USERS,EDW_DMT.OU_DIM
EDW_DWH.CMS_IDENTITY,EDW_DMT.OU_DIM
EDW_DWH_STG.I$_CO_DVBAOVE_TCB,EDW_DMT.OU_DIM
EDW_DWH.KDR_USERS,EDW_DMT.OU_DIM
EDW_DWH.KDR_BRANCHES,EDW_DMT.OU_DIM
EDW_SOR_STG.T_CMS_CLIENTPERSONE,EDW_DMT.OU_DIM
EDW_DWH_STG.I$_LD_INVESTOR,EDW_DMT.OU_DIM
EDW_DWH.KDR_THIRDPARTY,EDW_DMT.OU_DIM
EDW_DWH_STG.I$_COMPANY,EDW_DMT.OU_DIM
EDW_DWH.RE_ID_NHANSU_TCB,EDW_DMT.OU_DIM
EDW_DWH.KDR_CPTY,EDW_DMT.OU_DIM
EDW_DWH_STG.I$_USERTBL,EDW_DMT.OU_DIM
EDW_DWH.CUSTOMER,EDW_DMT.OU_DIM
EDW_DWH_STG.I$_CMS_CLERK,EDW_DMT.OU_DIM
EDW_DWH_STG.I$_CO_DVBAOHIEM_TCB,EDW_DMT.OU_DIM
EDW_DWH.LOS_HISTORIC,EDW_DMT.OU_DIM
EDW_DWH_STG.I$_COPHIEU,EDW_DMT.OU_DIM
EDW_DWH.KDR_BROKERS,EDW_DMT.OU_DIM
EDW_DWH_STG.I$_CONGTYDINHGIA_TCB,EDW_DMT.OU_DIM
EDW_SOR_STG.TMP_LOS_MAINAPP_IP2,EDW_DMT.OU_DIM
EDW_SOR_STG.TMP_LOS_MAINAPP_IP,EDW_DMT.OU_DIM
EDW_DWH_STG.T_CUSTOMER_STATUS,EDW_DMT.OU_DIM
EDW_DWH.CMS_DIC_RESPCODE,EDW_DMT.OU_DIM
EDW_DWH.LD_TTNPP,EDW_DMT.OU_DIM
EDW_DWH_STG.I$_INDUSTRY,EDW_DMT.OU_DIM
EDW_DWH.INDUSTRY_GSO_TCB,EDW_DMT.OU_DIM
EDW_DWH.KDR_PORTFOLIOS,EDW_DMT.OU_DIM
EDW_DWH_STG.I$_LC_PRODUCT_TYPES_TCB,EDW_DMT.OU_DIM
EDW_DWH.CMS_REFERENCEENTRY,EDW_DMT.OU_DIM
EDW_DWH.KDR_DANGKY_CV_TYPE,EDW_DMT.OU_DIM
EDW_SOR_STG.T_CMS_ACCOUNT,EDW_DMT.OU_DIM
EDW_DWH.KDR_CHARTOFACCOUNT,EDW_DMT.OU_DIM
EDW_DWH.ECM_LIST_ATM,EDW_DMT.OU_DIM
EDW_DWH_STG.T_RE_TXN_CODE,EDW_DMT.OU_DIM
EDW_DWH_STG.T_TRANSACTION_CODE,EDW_DMT.OU_DIM
EDW_DWH.KDR_FOLDERS,EDW_DMT.OU_DIM
EDW_DWH.CMS_REFERENCECRD_STAT,EDW_DMT.OU_DIM
EDW_DWH.CMS_REFERENCECARDSIGN,EDW_DMT.OU_DIM
EDW_DWH.KDR_FLOATINGRATES,EDW_DMT.OU_DIM
EDW_DWH.CMS_CONTRACTSTATEREFERENCE,EDW_DMT.OU_DIM
EDW_DWH.KDR_ACCOUNTINGGROUP,EDW_DMT.OU_DIM
EDW_DWH_STG.I$_LOAICP,EDW_DMT.OU_DIM
EDW_DWH.KDR_KDBCHOICESVALUES,EDW_DMT.OU_DIM
EDW_DWH_STG.I$_CT_CERTIFICATE_TYPE_TCB,EDW_DMT.OU_DIM
EDW_DWH_STG.T_GD_POLICY_TCB,EDW_DMT.OU_DIM
EDW_DWH_STG.I$_RE_INDUSTRY_TCB,EDW_DMT.OU_DIM
EDW_DWH_STG.I$_SECTOR,EDW_DMT.OU_DIM
EDW_DWH.CMS_DIC_TRANCODE,EDW_DMT.OU_DIM
EDW_DWH_STG.I$_CARD_TYPE,EDW_DMT.OU_DIM
EDW_DWH.LOS_DYNAMICCOMBO,EDW_DMT.OU_DIM
EDW_DWH_STG.I$_CUSTOMER,EDW_DMT.OU_DIM
EDW_DWH.CMS_CONTRACTTYPE,EDW_DMT.OU_DIM
EDW_DWH.KDR_KDBCHOICES,EDW_DMT.OU_DIM
EDW_DWH.KDR_KDBFIELDST,EDW_DMT.OU_DIM
EDW_DWH.KDR_RKNET_INSTRUMENT,EDW_DMT.OU_DIM
EDW_DWH_STG.I$_CO_LOAITSDB,EDW_DMT.OU_DIM
EDW_DWH_STG.I$_CO_PTQLTSDB,EDW_DMT.OU_DIM
EDW_DWH_STG.I$_LIMIT_REFERENCE,EDW_DMT.OU_DIM
EDW_DWH_STG.I$_CO_LOAITSDB_DETAIL,EDW_DMT.OU_DIM
EDW_DWH.CMS_DIC_TRANREASON,EDW_DMT.OU_DIM
EDW_DWH_STG.I$_LC_TYPES,EDW_DMT.OU_DIM
EDW_DWH.KDR_TYPEOFINSTR,EDW_DMT.OU_DIM
EDW_DWH_STG.T_LD_PROGRAM,EDW_DMT.OU_DIM
EDW_DWH_STG.I$_TRANGTHAI,EDW_DMT.OU_DIM
EDW_DWH.KDR_FUTURES,EDW_DMT.OU_DIM
EDW_DWH.KDR_MARKETST,EDW_DMT.OU_DIM
EDW_DWH_STG.I$_FT_TXN_TYPE_CONDITION,EDW_DMT.OU_DIM
EDW_DWH_STG.I$_COLLATERAL_CODE,EDW_DMT.OU_DIM
EDW_SOR_STG.T_CMS_DIC_RESPCODE,EDW_DMT.OU_DIM
EDW_DWH.KDR_CPTYDEFT,EDW_DMT.OU_DIM
EDW_DWH_STG.I$_PHONGTOA_TCB,EDW_DMT.OU_DIM
EDW_DWH_STG.I$_CT_CATEGORY_TCB,EDW_DMT.OU_DIM
EDW_DWH.EB_LOANS_PURPOSE_TCB,EDW_DMT.OU_DIM
EDW_DWH.TD_KVRRTYPE,EDW_DMT.OU_DIM
EDW_DWH.KDR_PAYMENTCLASS,EDW_DMT.OU_DIM
EDW_DWH_STG.I$_CT_TRANSFER_CODE_TCB,EDW_DMT.OU_DIM
EDW_DWH_STG.I$_PURPOSE_TCB,EDW_DMT.OU_DIM
EDW_DWH_STG.I$_CATEGORY,EDW_DMT.OU_DIM
EDW_DWH_STG.I$_RELATION,EDW_DMT.OU_DIM
EDW_DWH_STG.T_GROUP_ACC_TCB,EDW_DMT.OU_DIM
EDW_DWH_STG.I$_FT_COMMISSION_TYPE,EDW_DMT.OU_DIM
EDW_DWH_STG.T_COMPANY,EDW_DMT.OU_DIM
EDW_DWH_STG.I$_DEPT_ACCT_OFFICER,EDW_DMT.OU_DIM
EDW_DWH_STG.I$_DEPARTMENT_TCB,EDW_DMT.OU_DIM
EDW_DWH.BF_CUS_INFO,EDW_DMT.OU_DIM
EDW_DWH.BF_DB_CUSTOMER_ECO,EDW_DMT.OU_DIM
EDW_DWH.SECTOR,EDW_DMT.OU_DIM
EDW_DWH_STG.T_CUSTOMER,EDW_DMT.OU_DIM
EDW_DWH.ECO_SCTR_ECO,EDW_DMT.OU_DIM
EDW_DWH_STG.I$_CUS_ASSET_CLASS_TCB,EDW_DMT.OU_DIM
EDW_DWH.LOS_MAINAPPLICANT,EDW_DMT.OU_DIM
EDW_DWH.LOS_APPLICATION2,EDW_DMT.OU_DIM
EDW_DWH.LOS_APPLICATION,EDW_DMT.OU_DIM
EDW_DWH_STG.I$_CMS_CARD_TSD,EDW_DMT.OU_DIM
EDW_DWH_STG.I$_TELLER_ID,EDW_DMT.OU_DIM
EDW_DWH.USERTBL,EDW_DMT.OU_DIM
EDW_DWH_STG.I$_EB_EXTERNAL_USER,EDW_DMT.OU_DIM
EDW_ADM.TBL_ECO_SCTR_HIER,EDW_DMT.OU_DIM
